,Road,LRPName,LRPStart Point,Lat,Lon,Chainage,Description,Length,Cat,Next Node,Add On Process,Heavy Truck Create,Heavy Truck Destroy,Medium Truck Create,Medium Truck Destroy,Small Truck Create,Small Truck Destroy,Large Bus Create,Large Bus Destroy,Medium Bus Create,Medium Bus Destroy,Micro Bus Create,Micro Bus Destroy,Utility Create,Utility Destroy,Car Create,Car Destroy,Auto Rickshaw Create,Auto Rickshaw Destroy,Motor Cycle Create,Motor Cycle Destroy,Bi-Cycle Create,Bi-Cycle Destroy,Cycle Rickshaw Create,Cycle Rickshaw Destroy,Cart Create,Cart Destroy,Motorized Total Create,Motorized Total Destroy
0,N1,LRPS,yes,23.7060278,90.443333,0.0,0,0.0,0,LRPSa,BlankProcess,9.1,0.0,563.1,0.0,510.1,0.0,271.2,0.0,349.3,0.0,282.6,0.0,10.4,0.0,115.7,0.0,206.2,0.0,63.0,0.0,20.2,0.0,72.3,0.0,0.0,0.0,2380.7,0.0
1,N1,LRPSa,no,23.7029167,90.4504167,0.8140000000000001,0,0.0,0,LRPSb,BlankProcess,,,,,,,,,,,,,,,,,,,,,,,,,,,,
2,N1,LRPSb,no,23.702777800000003,90.45047220000001,0.8220000000000001,0,0.0,0,LRP001,BlankProcess,,,,,,,,,,,,,,,,,,,,,,,,,,,,
3,N1,LRP001,no,23.702138899999998,90.4519722,1.0,0,0.0,0,LRP001a,BlankProcess,,,,,,,,,,,,,,,,,,,,,,,,,,,,
4,N1,LRP001a,no,23.69873866,90.45886108,1.8,.,11.3,A,LRP002,BridgesDelay,,,,,,,,,,,,,,,,,,,,,,,,,,,,
5,N1,LRP002,no,23.697888600000002,90.4605833,2.0,0,0.0,0,LRP002a,BlankProcess,,,,,,,,,,,,,,,,,,,,,,,,,,,,
6,N1,LRP002a,no,23.697360800000002,90.4616667,2.13,0,0.0,0,LRP003,BlankProcess,,,,,,,,,,,,,,,,,,,,,,,,,,,,
7,N1,LRP003,no,23.693832999999998,90.4691382,3.0,0,0.0,0,LRP004,BlankProcess,,,,,,,,,,,,,,,,,,,,,,,,,,,,
8,N1,LRP004,no,23.693610800000002,90.4787771,4.0,0,0.0,0,LRP004a,BlankProcess,,,,,,,,,,,,,,,,,,,,,,,,,,,,
9,N1,LRP004a,no,23.6938052,90.48052709999999,4.175,0,0.0,0,LRP004b,BlankProcess,,,,,,,,,,,,,,,,,,,,,,,,,,,,
10,N1,LRP004b,no,23.69466384,90.48777492,4.925,.,6.6,A,LRP005,BridgesDelay,,,,,,,,,,,,,,,,,,,,,,,,,,,,
11,N1,LRP005,no,23.6947497,90.48849969999999,5.0,0,0.0,0,LRP006,BlankProcess,,,,,,,,,,,,,,,,,,,,,,,,,,,,
12,N1,LRP006,no,23.6959163,90.49819409999999,6.0,0,0.0,0,LRP007,BlankProcess,,,,,,,,,,,,,,,,,,,,,,,,,,,,
13,N1,LRP007,no,23.697333,90.50775,7.0,0,0.0,0,LRP007a,BlankProcess,,,,,,,,,,,,,,,,,,,,,,,,,,,,
14,N1,LRP007a,no,23.6979163,90.50927779999999,7.181,0,0.0,0,LRP008,BlankProcess,,,,,,,,,,,,,,,,,,,,,,,,,,,,
15,N1,LRP008,no,23.7020556,90.51572220000001,8.0,0,0.0,0,LRP008a,BlankProcess,,,,,,,,,,,,,,,,,,,,,,,,,,,,
16,N1,LRP008a,no,23.7021111,90.5157778,8.011000000000001,0,0.0,0,LRP008b,BlankProcess,,,,,,,,,,,,,,,,,,,,,,,,,,,,
17,N1,LRP008b,no,23.704583300000003,90.5188327,8.429,0,0.0,0,LRP009,BlankProcess,,,,,,,,,,,,,,,,,,,,,,,,,,,,
18,N1,LRP009,yes,23.705027800000003,90.5193327,8.503,0,0.0,0,LRP009a,BlankProcess,0.0,2.8,0.0,80.7,0.0,57.6,0.0,53.1,0.0,44.7,0.0,39.0,0.0,5.1,0.0,31.7,0.0,53.6,0.0,19.8,0.0,6.3,0.0,22.4,0.0,0.0,0.0,388.1
19,N1,LRP009a,no,23.706083300000003,90.5215271,8.763,0,0.0,0,LRP010,BlankProcess,,,,,,,,,,,,,,,,,,,,,,,,,,,,
20,N1,LRP010,no,23.702527800000002,90.5273882,9.503,0,0.0,0,LRP010a,BlankProcess,,,,,,,,,,,,,,,,,,,,,,,,,,,,
21,N1,LRP010a,no,23.7015278,90.5281938,9.615,0,0.0,0,LRP011,BlankProcess,,,,,,,,,,,,,,,,,,,,,,,,,,,,
22,N1,LRP011,no,23.696638600000004,90.53480520000001,10.503,0,0.0,0,LRP010b,BlankProcess,,,,,,,,,,,,,,,,,,,,,,,,,,,,
23,N1,LRP010b,no,23.69439061,90.53757408,10.88,NOYAPARA CULVERT,6.3,A,LRP011a,BridgesDelay,,,,,,,,,,,,,,,,,,,,,,,,,,,,
24,N1,LRP011a,no,23.694360800000002,90.5376108,10.885,0,0.0,0,LRP010c,BlankProcess,,,,,,,,,,,,,,,,,,,,,,,,,,,,
25,N1,LRP010c,no,23.69430239,90.53770737,10.897,ADUPUR CULVERT,6.3,A,LRP011b,BridgesDelay,,,,,,,,,,,,,,,,,,,,,,,,,,,,
26,N1,LRP011b,no,23.6922774,90.5410552,11.312999999999999,0,0.0,0,LRP012,BlankProcess,,,,,,,,,,,,,,,,,,,,,,,,,,,,
27,N1,LRP012,yes,23.6918052,90.5426108,11.497,0,0.0,0,LRP012a,BlankProcess,0.0,0.9,0.0,25.5,0.0,18.2,0.0,16.8,0.0,14.1,0.0,12.3,0.0,1.6,0.0,10.0,0.0,17.0,0.0,6.3,0.0,2.0,0.0,7.1,0.0,0.0,0.0,122.8
28,N1,LRP012a,no,23.6911108,90.5448886,11.745,0,0.0,0,LRP012b,BlankProcess,,,,,,,,,,,,,,,,,,,,,,,,,,,,
29,N1,LRP012b,no,23.6910552,90.54513859999999,11.770999999999999,0,0.0,0,LRP011c,BlankProcess,,,,,,,,,,,,,,,,,,,,,,,,,,,,
30,N1,LRP011c,no,23.69091193,90.5454625,11.808,NAYABARI BOX CULVERT,10.6,B,LRP012c,BridgesDelay,,,,,,,,,,,,,,,,,,,,,,,,,,,,
31,N1,LRP012c,no,23.6904163,90.546583,11.936,0,0.0,0,LRP013,BlankProcess,,,,,,,,,,,,,,,,,,,,,,,,,,,,
32,N1,LRP013,yes,23.6865274,90.5504167,12.524000000000001,0,0.0,0,LRP013a,BlankProcess,0.0,4.7,0.0,80.7,0.0,16.6,0.0,26.8,0.0,11.0,0.0,25.9,0.0,6.3,0.0,32.1,0.0,19.4,0.0,3.3,0.0,0.5,0.0,2.6,0.0,0.0,0.0,226.7
33,N1,LRP013a,no,23.68558303,90.55120798,12.66,MADAN PUR (R),26.3,A,LRP014,BridgesDelay,,,,,,,,,,,,,,,,,,,,,,,,,,,,
34,N1,LRP014,no,23.678166,90.5556111,13.524000000000001,0,0.0,0,LRP014a,BlankProcess,,,,,,,,,,,,,,,,,,,,,,,,,,,,
35,N1,LRP014a,no,23.6778035,90.55581943,13.574000000000002,KAWTALA BOX CULVERT,11.9,A,LRP015,BridgesDelay,,,,,,,,,,,,,,,,,,,,,,,,,,,,
36,N1,LRP015,no,23.670916000000002,90.55977779999999,14.524000000000001,0,0.0,0,LRP015a,BlankProcess,,,,,,,,,,,,,,,,,,,,,,,,,,,,
37,N1,LRP015a,no,23.6705827,90.5599722,14.562999999999999,0,0.0,0,LRP016a,BlankProcess,,,,,,,,,,,,,,,,,,,,,,,,,,,,
38,N1,LRP016a,no,23.66330907,90.56385699,15.465,MALIBAG BOX CULVERT,5.55,B,LRP016,BridgesDelay,,,,,,,,,,,,,,,,,,,,,,,,,,,,
39,N1,LRP016,no,23.662833300000003,90.56411109999999,15.524000000000001,0,0.0,0,LRP016b,BlankProcess,,,,,,,,,,,,,,,,,,,,,,,,,,,,
40,N1,LRP016b,no,23.6591111,90.5697216,16.242,0,0.0,0,LRP016c,BlankProcess,,,,,,,,,,,,,,,,,,,,,,,,,,,,
41,N1,LRP016c,no,23.658305600000002,90.5709993,16.402,0,0.0,0,LRP017,BlankProcess,,,,,,,,,,,,,,,,,,,,,,,,,,,,
42,N1,LRP017,no,23.6575,90.57197159999998,16.524,0,0.0,0,LRP017a,BlankProcess,,,,,,,,,,,,,,,,,,,,,,,,,,,,
43,N1,LRP017a,no,23.655972199999997,90.5743327,16.831,0,0.0,0,LRP017b,BlankProcess,,,,,,,,,,,,,,,,,,,,,,,,,,,,
44,N1,LRP017b,no,23.65442571,90.57673023,17.134,LANGOLBANDO PC GIDER BRIDGE,159.5,B,LRP017c,BridgesDelay,,,,,,,,,,,,,,,,,,,,,,,,,,,,
45,N1,LRP017c,no,23.6540556,90.57727709999999,17.204,0,0.0,0,LRP017d,BlankProcess,,,,,,,,,,,,,,,,,,,,,,,,,,,,
46,N1,LRP017d,no,23.6539167,90.5774993,17.234,0,0.0,0,LRP018,BlankProcess,,,,,,,,,,,,,,,,,,,,,,,,,,,,
47,N1,LRP018,no,23.6525278,90.5798882,17.524,0,0.0,0,LRP018a,BlankProcess,,,,,,,,,,,,,,,,,,,,,,,,,,,,
48,N1,LRP018a,no,23.650888899999998,90.5826382,17.863,0,0.0,0,LRP018b,BlankProcess,,,,,,,,,,,,,,,,,,,,,,,,,,,,
49,N1,LRP018b,no,23.6506944,90.5829993,17.904,0,0.0,0,LRP018c,BlankProcess,,,,,,,,,,,,,,,,,,,,,,,,,,,,
50,N1,LRP018c,no,23.6497544,90.58454901,18.093,SONARKALI BRIDGE(L),24.5,B,LRP019,BridgesDelay,,,,,,,,,,,,,,,,,,,,,,,,,,,,
51,N1,LRP019,no,23.647610800000002,90.588083,18.524,0,0.0,0,LRP019a,BlankProcess,,,,,,,,,,,,,,,,,,,,,,,,,,,,
52,N1,LRP019a,no,23.64596859,90.58921198,18.742,MOLLIK PARA P.C(L),40.5,B,LRP019b,BridgesDelay,,,,,,,,,,,,,,,,,,,,,,,,,,,,
53,N1,LRP019b,no,23.6397497,90.5926941,19.521,0,0.0,0,LRP020,BlankProcess,,,,,,,,,,,,,,,,,,,,,,,,,,,,
54,N1,LRP020,no,23.639694100000003,90.5927219,19.524,0,0.0,0,LRP020a,BlankProcess,,,,,,,,,,,,,,,,,,,,,,,,,,,,
55,N1,LRP020a,no,23.63795437,90.59366740000002,19.76,KRIBORDI BOX CULVERT,6.0,A,LRP020b,BridgesDelay,,,,,,,,,,,,,,,,,,,,,,,,,,,,
56,N1,LRP020b,no,23.634110800000002,90.59702740000002,20.342,0,0.0,0,LRP020c,BlankProcess,,,,,,,,,,,,,,,,,,,,,,,,,,,,
57,N1,LRP020c,no,23.6335552,90.5976941,20.442,0,0.0,0,LRP021,BlankProcess,,,,,,,,,,,,,,,,,,,,,,,,,,,,
58,N1,LRP021,no,23.6330549,90.59827740000001,20.524,0,0.0,0,LRP021c,BlankProcess,,,,,,,,,,,,,,,,,,,,,,,,,,,,
59,N1,LRP021c,no,23.62846685,90.60230157,21.184,MARIKHALL BRIDGE,89.2,A,LRP021a,BridgesDelay,,,,,,,,,,,,,,,,,,,,,,,,,,,,
60,N1,LRP021a,no,23.6262771,90.60422220000001,21.499000000000002,0,0.0,0,LRP022,BlankProcess,,,,,,,,,,,,,,,,,,,,,,,,,,,,
61,N1,LRP022,yes,23.625221600000003,90.6049722,21.629,0,0.0,0,LRP022a,BlankProcess,0.0,0.0,0.0,0.0,0.0,0.0,0.0,0.0,0.0,0.0,0.0,0.0,0.0,0.0,0.0,0.0,0.0,0.0,0.0,0.0,0.0,0.0,0.0,0.0,0.0,0.0,0.0,0.0
62,N1,LRP022a,no,23.624221600000002,90.60552779999999,21.765,0,0.0,0,LRP022b,BlankProcess,,,,,,,,,,,,,,,,,,,,,,,,,,,,
63,N1,LRP022b,no,23.6224993,90.6066944,21.993000000000002,0,0.0,0,LRP022c,BlankProcess,,,,,,,,,,,,,,,,,,,,,,,,,,,,
64,N1,LRP022c,no,23.620471600000002,90.6079722,22.252,0,0.0,0,LRP022d,BlankProcess,,,,,,,,,,,,,,,,,,,,,,,,,,,,
65,N1,LRP022d,no,23.6195271,90.60858329999999,22.374000000000002,0,0.0,0,LRP023a,BlankProcess,,,,,,,,,,,,,,,,,,,,,,,,,,,,
66,N1,LRP023a,no,23.6176408,90.60955061,22.596,ASHIR CHAR (Right),224.8,A,LRP023,BridgesDelay,,,,,,,,,,,,,,,,,,,,,,,,,,,,
67,N1,LRP023,no,23.6173604,90.6096944,22.629,0,0.0,0,LRP023c,BlankProcess,,,,,,,,,,,,,,,,,,,,,,,,,,,,
68,N1,LRP023c,no,23.61358738,90.61090296,23.081,ASHARIR CHAR (L),120.1,A,LRP024,BridgesDelay,,,,,,,,,,,,,,,,,,,,,,,,,,,,
69,N1,LRP024,no,23.609,90.61247220000001,23.629,0,0.0,0,LRP024a,BlankProcess,,,,,,,,,,,,,,,,,,,,,,,,,,,,
70,N1,LRP024a,no,23.6018611,90.6159722,24.503,0,0.0,0,LRP025,BlankProcess,,,,,,,,,,,,,,,,,,,,,,,,,,,,
71,N1,LRP025,no,23.6009444,90.6165556,24.629,0,0.0,0,LRP026,BlankProcess,,,,,,,,,,,,,,,,,,,,,,,,,,,,
72,N1,LRP026,no,23.5959997,90.624666,25.629,0,0.0,0,LRP026a,BlankProcess,,,,,,,,,,,,,,,,,,,,,,,,,,,,
73,N1,LRP026a,no,23.59298188,90.62796994,26.115,TATULTALA CULVERT,5.6,A,LRP026b,BridgesDelay,,,,,,,,,,,,,,,,,,,,,,,,,,,,
74,N1,LRP026b,no,23.59080885,90.63023686,26.451999999999998,BAILAKANDI CULVERT,5.5,A,LRP027,BridgesDelay,,,,,,,,,,,,,,,,,,,,,,,,,,,,
75,N1,LRP027,no,23.5896108,90.6313882,26.629,0,0.0,0,LRP027a,BlankProcess,,,,,,,,,,,,,,,,,,,,,,,,,,,,
76,N1,LRP027a,no,23.58631812,90.63450942,27.12,MALUAKANDI CULVEDRT,5.6,A,LRP028,BridgesDelay,,,,,,,,,,,,,,,,,,,,,,,,,,,,
77,N1,LRP028,no,23.582832699999997,90.6378886,27.629,0,0.0,0,LRP028a,BlankProcess,,,,,,,,,,,,,,,,,,,,,,,,,,,,
78,N1,LRP028a,no,23.5825827,90.63813859999999,27.668000000000003,0,0.0,0,LRP028b,BlankProcess,,,,,,,,,,,,,,,,,,,,,,,,,,,,
79,N1,LRP028b,no,23.577916000000002,90.6419719,28.324,0,0.0,0,LRP028c,BlankProcess,,,,,,,,,,,,,,,,,,,,,,,,,,,,
80,N1,LRP028c,no,23.577610399999998,90.6421108,28.363000000000003,0,0.0,0,LRP029,BlankProcess,,,,,,,,,,,,,,,,,,,,,,,,,,,,
81,N1,LRP029,no,23.5745271,90.6436941,28.759,0,0.0,0,LRP029b,BlankProcess,,,,,,,,,,,,,,,,,,,,,,,,,,,,
82,N1,LRP029b,no,23.571832699999998,90.6453052,29.113000000000003,0,0.0,0,LRP029a,BlankProcess,,,,,,,,,,,,,,,,,,,,,,,,,,,,
83,N1,LRP029a,no,23.57163063,90.64541592,29.138,ANARPUR BRIDGE(R),29.0,A,LRP030,BridgesDelay,,,,,,,,,,,,,,,,,,,,,,,,,,,,
84,N1,LRP030,no,23.5666111,90.6481663,29.759,0,0.0,0,LRP030a,BlankProcess,,,,,,,,,,,,,,,,,,,,,,,,,,,,
85,N1,LRP030a,no,23.5639167,90.6501944,30.127,0,0.0,0,LRP030b,BlankProcess,,,,,,,,,,,,,,,,,,,,,,,,,,,,
86,N1,LRP030b,no,23.5636944,90.65047220000001,30.165,0,0.0,0,LRP030c,BlankProcess,,,,,,,,,,,,,,,,,,,,,,,,,,,,
87,N1,LRP030c,no,23.560416699999998,90.6542222,30.697,0,0.0,0,LRP030d,BlankProcess,,,,,,,,,,,,,,,,,,,,,,,,,,,,
88,N1,LRP030d,no,23.5602222,90.6545,30.735,0,0.0,0,LRP031,BlankProcess,,,,,,,,,,,,,,,,,,,,,,,,,,,,
89,N1,LRP031,yes,23.559972199999997,90.6548056,30.774,0,0.0,0,LRP031a,BlankProcess,9.9,0.0,170.3,0.0,35.0,0.0,56.5,0.0,23.3,0.0,54.6,0.0,13.2,0.0,67.7,0.0,41.0,0.0,7.0,0.0,1.1,0.0,5.4,0.0,0.0,0.0,478.4,0.0
90,N1,LRP031a,no,23.559027800000003,90.6559444,30.936,0,0.0,0,LRP031b,BlankProcess,,,,,,,,,,,,,,,,,,,,,,,,,,,,
91,N1,LRP031b,no,23.5564444,90.6588611,31.348000000000003,0,0.0,0,LRP031c,BlankProcess,,,,,,,,,,,,,,,,,,,,,,,,,,,,
92,N1,LRP031c,no,23.556222199999997,90.6591389,31.388,0,0.0,0,LRP032,BlankProcess,,,,,,,,,,,,,,,,,,,,,,,,,,,,
93,N1,LRP032,no,23.5538056,90.66197220000001,31.783,0,0.0,0,LRP032a,BlankProcess,,,,,,,,,,,,,,,,,,,,,,,,,,,,
94,N1,LRP032a,no,23.5523333,90.66366670000001,32.025,0,0.0,0,LRP032d,BlankProcess,,,,,,,,,,,,,,,,,,,,,,,,,,,,
95,N1,LRP032d,no,23.55174219,90.66435388,32.121,BOBARCHAR BRIDGE(L),28.9,A,LRP033,BridgesDelay,,,,,,,,,,,,,,,,,,,,,,,,,,,,
96,N1,LRP033,yes,23.548749700000002,90.6678327,32.607,0,0.0,0,LRP033b,BlankProcess,11.1,0.0,152.7,0.0,28.0,0.0,51.3,0.0,18.8,0.0,21.9,0.0,12.5,0.0,34.2,0.0,24.9,0.0,5.2,0.0,1.1,0.0,4.0,0.0,0.0,0.0,360.6,0.0
97,N1,LRP033b,no,23.54762464,90.66919207,32.796,NOYAPARA,5.2,A,LRP033a,BridgesDelay,,,,,,,,,,,,,,,,,,,,,,,,,,,,
98,N1,LRP033a,no,23.5474163,90.6694438,32.830999999999996,0,0.0,0,LRP033c,BlankProcess,,,,,,,,,,,,,,,,,,,,,,,,,,,,
99,N1,LRP033c,no,23.544221899999997,90.6731104,33.351,0,0.0,0,LRP034a,BlankProcess,,,,,,,,,,,,,,,,,,,,,,,,,,,,
100,N1,LRP034a,no,23.54268543,90.67482921,33.591,MADHAYA BAUSHIA(L),70.0,A,LRP034,BridgesDelay,,,,,,,,,,,,,,,,,,,,,,,,,,,,
101,N1,LRP034,no,23.542583,90.6749438,33.607,0,0.0,0,LRP034c,BlankProcess,,,,,,,,,,,,,,,,,,,,,,,,,,,,
102,N1,LRP034c,no,23.53939102,90.67845779,34.111,BOCTAR KANDI BOX CULVERT,5.1,C,LRP035,BridgesDelay,,,,,,,,,,,,,,,,,,,,,,,,,,,,
103,N1,LRP035,no,23.5362497,90.681916,34.607,0,0.0,0,LRP035a,BlankProcess,,,,,,,,,,,,,,,,,,,,,,,,,,,,
104,N1,LRP035a,no,23.536082999999998,90.6821382,34.641,0,0.0,0,LRP035b,BlankProcess,,,,,,,,,,,,,,,,,,,,,,,,,,,,
105,N1,LRP035b,no,23.535860800000002,90.68236040000001,34.681,0,0.0,0,LRP035c,BlankProcess,,,,,,,,,,,,,,,,,,,,,,,,,,,,
106,N1,LRP035c,no,23.534138600000002,90.6843052,34.955999999999996,0,0.0,0,LRP036a,BlankProcess,,,,,,,,,,,,,,,,,,,,,,,,,,,,
107,N1,LRP036a,no,23.53139966,90.68744893,35.408,BORAKANDI BRIDGE(L),24.5,B,LRP036,BridgesDelay,,,,,,,,,,,,,,,,,,,,,,,,,,,,
108,N1,LRP036,no,23.5301938,90.688833,35.607,0,0.0,0,LRP036c,BlankProcess,,,,,,,,,,,,,,,,,,,,,,,,,,,,
109,N1,LRP036c,no,23.53015196,90.68979518,35.707,CHAR BOUSHEA (2),8.4,A,LRP037,BridgesDelay,,,,,,,,,,,,,,,,,,,,,,,,,,,,
110,N1,LRP037,no,23.5301382,90.6984997,36.607,0,0.0,0,LRP037a,BlankProcess,,,,,,,,,,,,,,,,,,,,,,,,,,,,
111,N1,LRP037a,no,23.53038447,90.70244027,37.01,Daud Kandi Bridge,1408.8,C,LRP038,BridgesDelay,,,,,,,,,,,,,,,,,,,,,,,,,,,,
112,N1,LRP038,no,23.5307493,90.70827779999999,37.607,0,0.0,0,LRP038a,BlankProcess,,,,,,,,,,,,,,,,,,,,,,,,,,,,
113,N1,LRP038a,no,23.5307771,90.70902779999999,37.685,0,0.0,0,LRP038b,BlankProcess,,,,,,,,,,,,,,,,,,,,,,,,,,,,
114,N1,LRP038b,no,23.5313882,90.7153611,38.04,0,0.0,0,LRP038c,BlankProcess,,,,,,,,,,,,,,,,,,,,,,,,,,,,
115,N1,LRP038c,no,23.531471600000003,90.71722159999999,38.466,0,0.0,0,LRP038d,BlankProcess,,,,,,,,,,,,,,,,,,,,,,,,,,,,
116,N1,LRP038d,no,23.5315271,90.7173604,38.543,0,0.0,0,LRP038e,BlankProcess,,,,,,,,,,,,,,,,,,,,,,,,,,,,
117,N1,LRP038e,no,23.531582699999998,90.7176104,38.56,0,0.0,0,LRP039,BlankProcess,,,,,,,,,,,,,,,,,,,,,,,,,,,,
118,N1,LRP039,no,23.5317216,90.7180271,38.607,0,0.0,0,LRP039a,BlankProcess,,,,,,,,,,,,,,,,,,,,,,,,,,,,
119,N1,LRP039a,no,23.532234600000002,90.72262984,39.12,0,0.0,0,LRP040b,BlankProcess,,,,,,,,,,,,,,,,,,,,,,,,,,,,
120,N1,LRP040b,no,23.532418600000003,90.72428072,39.304,BALDHA KHAL RCC GIDER BRIDGE,21.8,C,LRP040,BridgesDelay,,,,,,,,,,,,,,,,,,,,,,,,,,,,
121,N1,LRP040,no,23.532721600000002,90.7269993,39.607,0,0.0,0,LRP040c,BlankProcess,,,,,,,,,,,,,,,,,,,,,,,,,,,,
122,N1,LRP040c,no,23.53175878,90.72917801,39.86,MAIS PARA BOX CULVERT,6.0,B,LRP041,BridgesDelay,,,,,,,,,,,,,,,,,,,,,,,,,,,,
123,N1,LRP041,no,23.528916,90.7356108,40.607,0,0.0,0,LRP042,BlankProcess,,,,,,,,,,,,,,,,,,,,,,,,,,,,
124,N1,LRP042,no,23.528999300000002,90.7419441,41.261,0,0.0,0,LRP042a,BlankProcess,,,,,,,,,,,,,,,,,,,,,,,,,,,,
125,N1,LRP042a,no,23.5293882,90.75141670000001,42.228,0,0.0,0,LRP042b,BlankProcess,,,,,,,,,,,,,,,,,,,,,,,,,,,,
126,N1,LRP042b,no,23.5293882,90.7515833,42.245,0,0.0,0,LRP043,BlankProcess,,,,,,,,,,,,,,,,,,,,,,,,,,,,
127,N1,LRP043,yes,23.529416,90.75175,42.269,0,0.0,0,LRP043a,BlankProcess,5.2,0.0,0.0,95.4,28.0,0.0,0.0,35.3,22.5,0.0,0.0,50.2,0.0,1.1,0.0,6.8,0.0,193.1,0.0,64.9,0.0,12.8,0.0,8.8,0.0,0.0,0.0,391.0
128,N1,LRP043a,no,23.52980506,90.75825325,42.93600000000001,SHAHID NAGIR,16.5,C,LRP044,BridgesDelay,,,,,,,,,,,,,,,,,,,,,,,,,,,,
129,N1,LRP044,no,23.5299993,90.7615,43.269,0,0.0,0,LRP045,BlankProcess,,,,,,,,,,,,,,,,,,,,,,,,,,,,
130,N1,LRP045,no,23.5304438,90.77130490000002,44.269,0,0.0,0,LRP045a,BlankProcess,,,,,,,,,,,,,,,,,,,,,,,,,,,,
131,N1,LRP045a,no,23.530499300000002,90.77311040000001,44.45399999999999,0,0.0,0,LRP046a,BlankProcess,,,,,,,,,,,,,,,,,,,,,,,,,,,,
132,N1,LRP046a,no,23.53076553,90.78007973,45.163999999999994,SARKAR BARI CULVERT,3.9,C,LRP046,BridgesDelay,,,,,,,,,,,,,,,,,,,,,,,,,,,,
133,N1,LRP046,no,23.5308049,90.7811104,45.269,0,0.0,0,LRP046b,BlankProcess,,,,,,,,,,,,,,,,,,,,,,,,,,,,
134,N1,LRP046b,no,23.530666,90.7821938,45.388000000000005,0,0.0,0,LRP046c,BlankProcess,,,,,,,,,,,,,,,,,,,,,,,,,,,,
135,N1,LRP046c,no,23.531221600000002,90.78955520000001,46.161,0,0.0,0,LRP047,BlankProcess,,,,,,,,,,,,,,,,,,,,,,,,,,,,
136,N1,LRP047,no,23.531166,90.79072190000001,46.269,0,0.0,0,LRP047a,BlankProcess,,,,,,,,,,,,,,,,,,,,,,,,,,,,
137,N1,LRP047a,no,23.530693799999998,90.7924441,47.224,0,0.0,0,LRP048,BlankProcess,,,,,,,,,,,,,,,,,,,,,,,,,,,,
138,N1,LRP048,no,23.530860399999998,90.80022220000001,47.269,0,0.0,0,LRP048a,BlankProcess,,,,,,,,,,,,,,,,,,,,,,,,,,,,
139,N1,LRP048a,no,23.5308882,90.80413890000001,47.672,0,0.0,0,LRP048b,BlankProcess,,,,,,,,,,,,,,,,,,,,,,,,,,,,
140,N1,LRP048b,no,23.530916,90.8043611,47.692,0,0.0,0,LRP049,BlankProcess,,,,,,,,,,,,,,,,,,,,,,,,,,,,
141,N1,LRP049,no,23.5316382,90.8099167,48.269,0,0.0,0,LRP049a,BlankProcess,,,,,,,,,,,,,,,,,,,,,,,,,,,,
142,N1,LRP049a,no,23.53182348,90.81101551,48.38399999999999,Ginlatoly,15.9,C,LRP050,BridgesDelay,,,,,,,,,,,,,,,,,,,,,,,,,,,,
143,N1,LRP050,no,23.5332493,90.81947159999999,49.269,0,0.0,0,LRP050a,BlankProcess,,,,,,,,,,,,,,,,,,,,,,,,,,,,
144,N1,LRP050a,no,23.5346663,90.82497159999998,49.863,0,0.0,0,LRP050b,BlankProcess,,,,,,,,,,,,,,,,,,,,,,,,,,,,
145,N1,LRP050b,no,23.534721899999997,90.8251104,49.879,0,0.0,0,LRP051,BlankProcess,,,,,,,,,,,,,,,,,,,,,,,,,,,,
146,N1,LRP051,no,23.5344997,90.8287216,50.269,0,0.0,0,LRP051a,BlankProcess,,,,,,,,,,,,,,,,,,,,,,,,,,,,
147,N1,LRP051a,no,23.53297433,90.83097748,50.558,RAIPUR BOX CULVERT,12.2,A,LRP052,BridgesDelay,,,,,,,,,,,,,,,,,,,,,,,,,,,,
148,N1,LRP052,no,23.529221600000003,90.83652740000001,51.269,0,0.0,0,LRP052a,BlankProcess,,,,,,,,,,,,,,,,,,,,,,,,,,,,
149,N1,LRP052a,no,23.5270549,90.8391386,51.636,0,0.0,0,LRP053,BlankProcess,,,,,,,,,,,,,,,,,,,,,,,,,,,,
150,N1,LRP053,no,23.523166,90.8438886,52.269,0,0.0,0,LRP053a,BlankProcess,,,,,,,,,,,,,,,,,,,,,,,,,,,,
151,N1,LRP053a,no,23.52291667,90.84421861,52.313,AITAL BANGA BOX CULVERT,4.5,C,LRP054,BridgesDelay,,,,,,,,,,,,,,,,,,,,,,,,,,,,
152,N1,LRP054,no,23.5174993,90.8513889,53.269,0,0.0,0,LRP055,BlankProcess,,,,,,,,,,,,,,,,,,,,,,,,,,,,
153,N1,LRP055,no,23.5170827,90.8607778,54.269,0,0.0,0,LRP056,BlankProcess,,,,,,,,,,,,,,,,,,,,,,,,,,,,
154,N1,LRP056,no,23.5135833,90.8697771,55.269,0,0.0,0,LRP056a,BlankProcess,,,,,,,,,,,,,,,,,,,,,,,,,,,,
155,N1,LRP056a,no,23.513305600000002,90.87030490000001,55.333,0,0.0,0,LRP056b,BlankProcess,,,,,,,,,,,,,,,,,,,,,,,,,,,,
156,N1,LRP056b,no,23.5131111,90.8706382,55.375,0,0.0,0,LRP056c,BlankProcess,,,,,,,,,,,,,,,,,,,,,,,,,,,,
157,N1,LRP056c,no,23.512666699999997,90.871416,55.477,0,0.0,0,LRP057,BlankProcess,,,,,,,,,,,,,,,,,,,,,,,,,,,,
158,N1,LRP057,no,23.508805600000002,90.8778604,56.269,0,0.0,0,LRP058,BlankProcess,,,,,,,,,,,,,,,,,,,,,,,,,,,,
159,N1,LRP058,no,23.506,90.8869163,57.269,0,0.0,0,LRP058a,BlankProcess,,,,,,,,,,,,,,,,,,,,,,,,,,,,
160,N1,LRP058a,no,23.5056111,90.89588859999999,58.191,0,0.0,0,LRP059,BlankProcess,,,,,,,,,,,,,,,,,,,,,,,,,,,,
161,N1,LRP059,no,23.5056389,90.8966108,58.269,0,0.0,0,LRP059a,BlankProcess,,,,,,,,,,,,,,,,,,,,,,,,,,,,
162,N1,LRP059a,no,23.50600243,90.90217454,58.838,KHAT GHOR BOX CULVERT,5.9,B,LRP060,BridgesDelay,,,,,,,,,,,,,,,,,,,,,,,,,,,,
163,N1,LRP060,no,23.506277800000003,90.90638890000001,59.269,0,0.0,0,LRP060a,BlankProcess,,,,,,,,,,,,,,,,,,,,,,,,,,,,
164,N1,LRP060a,no,23.50575,90.91525,60.18,0,0.0,0,LRP061,BlankProcess,,,,,,,,,,,,,,,,,,,,,,,,,,,,
165,N1,LRP061,no,23.505722199999997,90.9160278,60.269,0,0.0,0,LRP061a,BlankProcess,,,,,,,,,,,,,,,,,,,,,,,,,,,,
166,N1,LRP061a,no,23.50561314,90.92146602,60.83,BAKRA BOX CULVERT,3.0,B,LRP062,BridgesDelay,,,,,,,,,,,,,,,,,,,,,,,,,,,,
167,N1,LRP062,no,23.505527800000003,90.92572159999999,61.269,0,0.0,0,LRP063,BlankProcess,,,,,,,,,,,,,,,,,,,,,,,,,,,,
168,N1,LRP063,no,23.5042778,90.9354163,62.269,0,0.0,0,LRP063a,BlankProcess,,,,,,,,,,,,,,,,,,,,,,,,,,,,
169,N1,LRP063a,no,23.504333300000003,90.93547190000001,62.278,0,0.0,0,LRP063b,BlankProcess,,,,,,,,,,,,,,,,,,,,,,,,,,,,
170,N1,LRP063b,no,23.5038611,90.9371386,62.542,0,0.0,0,LRP063c,BlankProcess,,,,,,,,,,,,,,,,,,,,,,,,,,,,
171,N1,LRP063c,no,23.5028611,90.9412774,62.894,0,0.0,0,LRP064a,BlankProcess,,,,,,,,,,,,,,,,,,,,,,,,,,,,
172,N1,LRP064a,no,23.50240778,90.94324189,63.098,MATIA BAZER,6.0,B,LRP064,BridgesDelay,,,,,,,,,,,,,,,,,,,,,,,,,,,,
173,N1,LRP064,no,23.5020278,90.9448886,63.269,0,0.0,0,LRP064c,BlankProcess,,,,,,,,,,,,,,,,,,,,,,,,,,,,
174,N1,LRP064c,no,23.50135519,90.94738441,63.538000000000004,SONAPUR BOX CULVERT,3.0,A,LRP065,BridgesDelay,,,,,,,,,,,,,,,,,,,,,,,,,,,,
175,N1,LRP065,no,23.499527399999998,90.9541667,64.26899999999999,0,0.0,0,LRP066,BlankProcess,,,,,,,,,,,,,,,,,,,,,,,,,,,,
176,N1,LRP066,no,23.498638600000003,90.96511109999999,65.26899999999999,0,0.0,0,LRP066a,BlankProcess,,,,,,,,,,,,,,,,,,,,,,,,,,,,
177,N1,LRP066a,no,23.4980552,90.96602779999999,65.543,0,0.0,0,LRP067,BlankProcess,,,,,,,,,,,,,,,,,,,,,,,,,,,,
178,N1,LRP067,yes,23.497277399999998,90.9674716,65.726,0,0.0,0,LRP067a,BlankProcess,0.0,0.0,0.0,0.0,0.0,0.0,0.0,0.0,0.0,0.0,0.0,0.0,0.0,0.0,0.0,0.0,0.0,0.0,0.0,0.0,0.0,0.0,0.0,0.0,0.0,0.0,0.0,0.0
179,N1,LRP067a,no,23.49589631,90.97157725,66.178,KARON KHAL SLAB CULVERT,4.6,B,LRP068,BridgesDelay,,,,,,,,,,,,,,,,,,,,,,,,,,,,
180,N1,LRP068,no,23.4942219,90.97655490000001,66.726,0,0.0,0,LRP069,BlankProcess,,,,,,,,,,,,,,,,,,,,,,,,,,,,
181,N1,LRP069,no,23.4942497,90.985833,67.726,0,0.0,0,LRP068a,BlankProcess,,,,,,,,,,,,,,,,,,,,,,,,,,,,
182,N1,LRP068a,no,23.49327281,90.98872004,68.04,MILL GHAT BOX CULVERT,4.5,A,LRP070,BridgesDelay,,,,,,,,,,,,,,,,,,,,,,,,,,,,
183,N1,LRP070,no,23.491138600000003,90.99502740000001,68.726,0,0.0,0,LRP070a,BlankProcess,,,,,,,,,,,,,,,,,,,,,,,,,,,,
184,N1,LRP070a,no,23.489444100000004,91.0033056,69.616,0,0.0,0,LRP070b,BlankProcess,,,,,,,,,,,,,,,,,,,,,,,,,,,,
185,N1,LRP070b,no,23.4893886,91.0034722,69.638,0,0.0,0,LRP071,BlankProcess,,,,,,,,,,,,,,,,,,,,,,,,,,,,
186,N1,LRP071,no,23.4896108,91.0043056,69.709,0,0.0,0,LRP072,BlankProcess,,,,,,,,,,,,,,,,,,,,,,,,,,,,
187,N1,LRP072,no,23.4893052,91.01127779999999,70.443,0,0.0,0,LRP072b,BlankProcess,,,,,,,,,,,,,,,,,,,,,,,,,,,,
188,N1,LRP072b,no,23.4889441,91.01225,70.557,0,0.0,0,LRP073,BlankProcess,,,,,,,,,,,,,,,,,,,,,,,,,,,,
189,N1,LRP073,no,23.488332999999997,91.0140833,70.755,0,0.0,0,LRP072a,BlankProcess,,,,,,,,,,,,,,,,,,,,,,,,,,,,
190,N1,LRP072a,no,23.48688059,91.01756669,71.156,CHANDINA- SHAHA PARA RCC GIDER GRIDGE,23.1,C,LRP074,BridgesDelay,,,,,,,,,,,,,,,,,,,,,,,,,,,,
191,N1,LRP074,no,23.484638600000004,91.0229438,71.775,0,0.0,0,LRP075,BlankProcess,,,,,,,,,,,,,,,,,,,,,,,,,,,,
192,N1,LRP075,no,23.4827771,91.03213819999999,72.775,0,0.0,0,LRP075a,BlankProcess,,,,,,,,,,,,,,,,,,,,,,,,,,,,
193,N1,LRP075a,no,23.481166,91.0404441,73.688,0,0.0,0,LRP076,BlankProcess,,,,,,,,,,,,,,,,,,,,,,,,,,,,
194,N1,LRP076,yes,23.481471600000003,91.04197190000001,73.829,0,0.0,0,LRP076a,BlankProcess,0.0,0.0,0.0,0.0,0.0,0.0,0.0,0.0,0.0,0.0,0.0,0.0,0.0,0.0,0.0,0.0,0.0,0.0,0.0,0.0,0.0,0.0,0.0,0.0,0.0,0.0,0.0,0.0
195,N1,LRP076a,no,23.4820827,91.0504167,74.7,0,0.0,0,LRP077,BlankProcess,,,,,,,,,,,,,,,,,,,,,,,,,,,,
196,N1,LRP077,no,23.482138199999998,91.0516944,74.829,0,0.0,0,LRP078,BlankProcess,,,,,,,,,,,,,,,,,,,,,,,,,,,,
197,N1,LRP078,no,23.4815549,91.06136109999998,75.829,0,0.0,0,LRP077a,BlankProcess,,,,,,,,,,,,,,,,,,,,,,,,,,,,
198,N1,LRP077a,no,23.48061309,91.06740977,76.48100000000001,NIMSHAR SLAB CULVERT,1.5,A,LRP079,BridgesDelay,,,,,,,,,,,,,,,,,,,,,,,,,,,,
199,N1,LRP079,no,23.4801104,91.0706382,76.829,0,0.0,0,LRP080,BlankProcess,,,,,,,,,,,,,,,,,,,,,,,,,,,,
200,N1,LRP080,no,23.4770271,91.07947159999999,77.829,0,0.0,0,LRP079a,BlankProcess,,,,,,,,,,,,,,,,,,,,,,,,,,,,
201,N1,LRP079a,no,23.47767229,91.08474064,78.382,KABILA DUBARCHAR SLAB CULVERT,1.0,C,LRP081,BridgesDelay,,,,,,,,,,,,,,,,,,,,,,,,,,,,
202,N1,LRP081,no,23.4781938,91.0889997,78.829,0,0.0,0,LRP082,BlankProcess,,,,,,,,,,,,,,,,,,,,,,,,,,,,
203,N1,LRP082,no,23.4775549,91.09866629999999,79.829,0,0.0,0,LRP082a,BlankProcess,,,,,,,,,,,,,,,,,,,,,,,,,,,,
204,N1,LRP082a,no,23.4778604,91.1036111,80.342,0,0.0,0,LRP083,BlankProcess,,,,,,,,,,,,,,,,,,,,,,,,,,,,
205,N1,LRP083,no,23.4779993,91.10552779999999,80.829,0,0.0,0,LRP081a,BlankProcess,,,,,,,,,,,,,,,,,,,,,,,,,,,,
206,N1,LRP081a,no,23.4781159,91.10703321,80.949,NAZIRA BOX CULVERT,3.0,B,LRP084,BridgesDelay,,,,,,,,,,,,,,,,,,,,,,,,,,,,
207,N1,LRP084,no,23.4789716,91.11799930000001,81.829,0,0.0,0,LRP084a,BlankProcess,,,,,,,,,,,,,,,,,,,,,,,,,,,,
208,N1,LRP084a,no,23.4789716,91.118166,81.846,0,0.0,0,LRP084b,BlankProcess,,,,,,,,,,,,,,,,,,,,,,,,,,,,
209,N1,LRP084b,no,23.4793327,91.12347159999999,82.39299999999999,0,0.0,0,LRP083a,BlankProcess,,,,,,,,,,,,,,,,,,,,,,,,,,,,
210,N1,LRP083a,no,23.47940839,91.12389208,82.43700000000001,TIPRA BAZAR BOX CULVERT,1.4,A,LRP085,BridgesDelay,,,,,,,,,,,,,,,,,,,,,,,,,,,,
211,N1,LRP085,no,23.4800827,91.12763819999999,82.829,0,0.0,0,LRP083b,BlankProcess,,,,,,,,,,,,,,,,,,,,,,,,,,,,
212,N1,LRP083b,no,23.47954492,91.12904714,82.98899999999999,AMTOLI SLAB CULVERT,2.9,A,LRP086,BridgesDelay,,,,,,,,,,,,,,,,,,,,,,,,,,,,
213,N1,LRP086,no,23.4767216,91.1364441,83.829,0,0.0,0,LRP087,BlankProcess,,,,,,,,,,,,,,,,,,,,,,,,,,,,
214,N1,LRP087,no,23.468221600000003,91.1394441,84.829,0,0.0,0,LRP088,BlankProcess,,,,,,,,,,,,,,,,,,,,,,,,,,,,
215,N1,LRP088,no,23.459583300000002,91.1421386,85.829,0,0.0,0,LRP089,BlankProcess,,,,,,,,,,,,,,,,,,,,,,,,,,,,
216,N1,LRP089,no,23.4513056,91.1460552,86.829,0,0.0,0,LRP089a,BlankProcess,,,,,,,,,,,,,,,,,,,,,,,,,,,,
217,N1,LRP089a,no,23.448833,91.14713859999999,87.132,0,0.0,0,LRP089b,BlankProcess,,,,,,,,,,,,,,,,,,,,,,,,,,,,
218,N1,LRP089b,no,23.448638600000002,91.1472497,87.156,0,0.0,0,LRP089c,BlankProcess,,,,,,,,,,,,,,,,,,,,,,,,,,,,
219,N1,LRP089c,no,23.446944100000003,91.1481386,87.366,0,0.0,0,LRP088a,BlankProcess,,,,,,,,,,,,,,,,,,,,,,,,,,,,
220,N1,LRP088a,no,23.44363396,91.14936682,87.713,DHANPUR RCC GIDER BRIDGE,23.4,A,LRP090,BridgesDelay,,,,,,,,,,,,,,,,,,,,,,,,,,,,
221,N1,LRP090,no,23.442527399999996,91.1497774,87.829,0,0.0,0,LRP091,BlankProcess,,,,,,,,,,,,,,,,,,,,,,,,,,,,
222,N1,LRP091,yes,23.437388600000002,91.1521944,88.51299999999999,0,0.0,0,LRP092,BlankProcess,0.0,0.0,0.0,0.0,0.0,0.0,0.0,0.0,0.0,0.0,0.0,0.0,0.0,0.0,0.0,0.0,0.0,0.0,0.0,0.0,0.0,0.0,0.0,0.0,0.0,0.0,0.0,0.0
223,N1,LRP092,no,23.4288882,91.1553889,89.51299999999999,0,0.0,0,LRP093,BlankProcess,,,,,,,,,,,,,,,,,,,,,,,,,,,,
224,N1,LRP093,yes,23.4236938,91.1626944,90.493,0,0.0,0,LRP093a,BlankProcess,0.0,0.0,0.0,0.0,0.0,0.0,0.0,0.0,0.0,0.0,0.0,0.0,0.0,0.0,0.0,0.0,0.0,0.0,0.0,0.0,0.0,0.0,0.0,0.0,0.0,0.0,0.0,0.0
225,N1,LRP093a,no,23.4235827,91.16297220000001,90.521,0,0.0,0,LRP093b,BlankProcess,,,,,,,,,,,,,,,,,,,,,,,,,,,,
226,N1,LRP093b,no,23.423416,91.16327779999999,90.55799999999999,0,0.0,0,LRP093c,BlankProcess,,,,,,,,,,,,,,,,,,,,,,,,,,,,
227,N1,LRP093c,no,23.421360399999998,91.167666,91.066,0,0.0,0,LRP092a,BlankProcess,,,,,,,,,,,,,,,,,,,,,,,,,,,,
228,N1,LRP092a,no,23.42124877,91.16789434,91.09200000000001,PADUAR BAZER RCCGIDER,35.9,B,LRP094,BridgesDelay,,,,,,,,,,,,,,,,,,,,,,,,,,,,
229,N1,LRP094,no,23.4195271,91.17141600000001,91.493,0,0.0,0,LRP095,BlankProcess,,,,,,,,,,,,,,,,,,,,,,,,,,,,
230,N1,LRP095,no,23.4149444,91.1801382,92.12100000000001,0,0.0,0,LRP095a,BlankProcess,,,,,,,,,,,,,,,,,,,,,,,,,,,,
231,N1,LRP095a,no,23.413111100000002,91.18466629999999,92.632,0,0.0,0,LRP095b,BlankProcess,,,,,,,,,,,,,,,,,,,,,,,,,,,,
232,N1,LRP095b,no,23.4130556,91.1849163,92.66,0,0.0,0,LRP096,BlankProcess,,,,,,,,,,,,,,,,,,,,,,,,,,,,
233,N1,LRP096,no,23.4125,91.1893886,93.12100000000001,0,0.0,0,LRP094a,BlankProcess,,,,,,,,,,,,,,,,,,,,,,,,,,,,
234,N1,LRP094a,no,23.41193242,91.19390298,93.6,MOSTAPUR RCC GIDER BRIDGE,27.9,B,LRP097,BridgesDelay,,,,,,,,,,,,,,,,,,,,,,,,,,,,
235,N1,LRP097,no,23.411305600000002,91.19888859999999,94.12899999999999,0,0.0,0,LRP098,BlankProcess,,,,,,,,,,,,,,,,,,,,,,,,,,,,
236,N1,LRP098,no,23.4100833,91.2087778,95.156,0,0.0,0,LRP099,BlankProcess,,,,,,,,,,,,,,,,,,,,,,,,,,,,
237,N1,LRP099,no,23.4048056,91.2165278,96.17299999999999,0,0.0,0,LRP099a,BlankProcess,,,,,,,,,,,,,,,,,,,,,,,,,,,,
238,N1,LRP099a,no,23.40375,91.2176382,96.345,0,0.0,0,LRP099b,BlankProcess,,,,,,,,,,,,,,,,,,,,,,,,,,,,
239,N1,LRP099b,no,23.4035556,91.21780490000002,96.374,0,0.0,0,LRP100,BlankProcess,,,,,,,,,,,,,,,,,,,,,,,,,,,,
240,N1,LRP100,no,23.39821345,91.22288777,97.17299999999999,0,0.0,0,LRP098a,BlankProcess,,,,,,,,,,,,,,,,,,,,,,,,,,,,
241,N1,LRP098a,no,23.39765182,91.22342213,97.257,RAZAPARA RCC GIDER BRIDGE,27.9,A,LRP101,BridgesDelay,,,,,,,,,,,,,,,,,,,,,,,,,,,,
242,N1,LRP101,no,23.391527399999998,91.2292493,98.17299999999999,0,0.0,0,LRP101a,BlankProcess,,,,,,,,,,,,,,,,,,,,,,,,,,,,
243,N1,LRP101a,no,23.3914441,91.22930490000002,98.18299999999999,0,0.0,0,LRP101b,BlankProcess,,,,,,,,,,,,,,,,,,,,,,,,,,,,
244,N1,LRP101b,no,23.385082999999998,91.2345552,99.075,0,0.0,0,LRP101c,BlankProcess,,,,,,,,,,,,,,,,,,,,,,,,,,,,
245,N1,LRP101c,no,23.3849719,91.2346108,99.09,0,0.0,0,LRP102,BlankProcess,,,,,,,,,,,,,,,,,,,,,,,,,,,,
246,N1,LRP102,no,23.3843886,91.2351108,99.17299999999999,0,0.0,0,LRP102a,BlankProcess,,,,,,,,,,,,,,,,,,,,,,,,,,,,
247,N1,LRP102a,no,23.377971600000002,91.2403608,100.071,0,0.0,0,LRP102b,BlankProcess,,,,,,,,,,,,,,,,,,,,,,,,,,,,
248,N1,LRP102b,no,23.3777493,91.2405274,100.101,0,0.0,0,LRP103,BlankProcess,,,,,,,,,,,,,,,,,,,,,,,,,,,,
249,N1,LRP103,no,23.377166,91.2409163,100.17299999999999,0,0.0,0,LRP104,BlankProcess,,,,,,,,,,,,,,,,,,,,,,,,,,,,
250,N1,LRP104,no,23.3695827,91.24627740000001,101.17299999999999,0,0.0,0,LRP104a,BlankProcess,,,,,,,,,,,,,,,,,,,,,,,,,,,,
251,N1,LRP104a,no,23.3683327,91.2471108,101.344,0,0.0,0,LRP105,BlankProcess,,,,,,,,,,,,,,,,,,,,,,,,,,,,
252,N1,LRP105,yes,23.3615278,91.2515556,102.24799999999999,0,0.0,0,LRP105b,BlankProcess,0.0,0.0,0.0,0.0,0.0,0.0,0.0,0.0,0.0,0.0,0.0,0.0,0.0,0.0,0.0,0.0,0.0,0.0,0.0,0.0,0.0,0.0,0.0,0.0,0.0,0.0,0.0,0.0
253,N1,LRP105b,no,23.3584444,91.2533333,102.63799999999999,0,0.0,0,LRP106,BlankProcess,,,,,,,,,,,,,,,,,,,,,,,,,,,,
254,N1,LRP106,no,23.3536944,91.25613890000001,103.24799999999999,0,0.0,0,LRP106a,BlankProcess,,,,,,,,,,,,,,,,,,,,,,,,,,,,
255,N1,LRP106a,no,23.3486386,91.2599444,103.935,0,0.0,0,LRP107,BlankProcess,,,,,,,,,,,,,,,,,,,,,,,,,,,,
256,N1,LRP107,no,23.3463608,91.2616944,104.24799999999999,0,0.0,0,LRP105a,BlankProcess,,,,,,,,,,,,,,,,,,,,,,,,,,,,
257,N1,LRP105a,no,23.34267147,91.26448564,104.75299999999999,CHANSIRI BOXCUIVERT,14.3,A,LRP108,BridgesDelay,,,,,,,,,,,,,,,,,,,,,,,,,,,,
258,N1,LRP108,no,23.3390552,91.26722159999998,105.24799999999999,0,0.0,0,LRP108a,BlankProcess,,,,,,,,,,,,,,,,,,,,,,,,,,,,
259,N1,LRP108a,no,23.3360274,91.2700549,105.69200000000001,0,0.0,0,LRP108b,BlankProcess,,,,,,,,,,,,,,,,,,,,,,,,,,,,
260,N1,LRP108b,no,23.3357219,91.27030490000001,105.736,0,0.0,0,LRP108c,BlankProcess,,,,,,,,,,,,,,,,,,,,,,,,,,,,
261,N1,LRP108c,no,23.334721899999998,91.27116600000001,105.87899999999999,0,0.0,0,LRP109,BlankProcess,,,,,,,,,,,,,,,,,,,,,,,,,,,,
262,N1,LRP109,no,23.3321938,91.2734716,106.24799999999999,0,0.0,0,LRP107a,BlankProcess,,,,,,,,,,,,,,,,,,,,,,,,,,,,
263,N1,LRP107a,no,23.33014623,91.27487928,106.51899999999999,MIABAZAR BOX CULVERT,24.0,A,LRP110,BridgesDelay,,,,,,,,,,,,,,,,,,,,,,,,,,,,
264,N1,LRP110,no,23.3246382,91.278666,107.24799999999999,0,0.0,0,LRP110a,BlankProcess,,,,,,,,,,,,,,,,,,,,,,,,,,,,
265,N1,LRP110a,no,23.324166,91.27911040000001,107.321,0,0.0,0,LRP110b,BlankProcess,,,,,,,,,,,,,,,,,,,,,,,,,,,,
266,N1,LRP110b,no,23.324082699999998,91.279166,107.331,0,0.0,0,LRP109a,BlankProcess,,,,,,,,,,,,,,,,,,,,,,,,,,,,
267,N1,LRP109a,no,23.31806969,91.28308673,108.125,NOYA BAZER BOX CULVERT,9.2,A,LRP111,BridgesDelay,,,,,,,,,,,,,,,,,,,,,,,,,,,,
268,N1,LRP111,no,23.3171382,91.2836941,108.24799999999999,0,0.0,0,LRP111b,BlankProcess,,,,,,,,,,,,,,,,,,,,,,,,,,,,
269,N1,LRP111b,no,23.31475,91.2845552,108.537,0,0.0,0,LRP111c,BlankProcess,,,,,,,,,,,,,,,,,,,,,,,,,,,,
270,N1,LRP111c,no,23.3096389,91.2861386,109.135,0,0.0,0,LRP112,BlankProcess,,,,,,,,,,,,,,,,,,,,,,,,,,,,
271,N1,LRP112,no,23.3086944,91.2864163,109.24799999999999,0,0.0,0,LRP112a,BlankProcess,,,,,,,,,,,,,,,,,,,,,,,,,,,,
272,N1,LRP112a,no,23.30425,91.288583,109.795,0,0.0,0,LRP110c,BlankProcess,,,,,,,,,,,,,,,,,,,,,,,,,,,,
273,N1,LRP110c,no,23.30343065,91.28897704,109.897,DHARMA PUR SLAB CULVERT,2.6,B,LRP113,BridgesDelay,,,,,,,,,,,,,,,,,,,,,,,,,,,,
274,N1,LRP113,no,23.3006111,91.29033299999999,110.24799999999999,0,0.0,0,LRP111a,BlankProcess,,,,,,,,,,,,,,,,,,,,,,,,,,,,
275,N1,LRP111a,no,23.29796753,91.29101414,110.551,LALGORE BEZER CULVERT,3.2,A,LRP113a,BridgesDelay,,,,,,,,,,,,,,,,,,,,,,,,,,,,
276,N1,LRP113a,no,23.296083,91.2914997,110.76700000000001,0,0.0,0,LRP113b,BlankProcess,,,,,,,,,,,,,,,,,,,,,,,,,,,,
277,N1,LRP113b,no,23.295971899999998,91.2915274,110.781,0,0.0,0,LRP114,BlankProcess,,,,,,,,,,,,,,,,,,,,,,,,,,,,
278,N1,LRP114,no,23.2919163,91.2922219,111.24799999999999,0,0.0,0,LRP114a,BlankProcess,,,,,,,,,,,,,,,,,,,,,,,,,,,,
279,N1,LRP114a,no,23.2876663,91.2936386,111.75,0,0.0,0,LRP115,BlankProcess,,,,,,,,,,,,,,,,,,,,,,,,,,,,
280,N1,LRP115,no,23.283583,91.2952219,112.24799999999999,0,0.0,0,LRP115a,BlankProcess,,,,,,,,,,,,,,,,,,,,,,,,,,,,
281,N1,LRP115a,no,23.2787216,91.30027779999999,113.022,0,0.0,0,LRP116,BlankProcess,,,,,,,,,,,,,,,,,,,,,,,,,,,,
282,N1,LRP116,no,23.2768882,91.3011944,113.24799999999999,0,0.0,0,LRP117,BlankProcess,,,,,,,,,,,,,,,,,,,,,,,,,,,,
283,N1,LRP117,no,23.268638199999998,91.30497220000001,114.24799999999999,0,0.0,0,LRP117b,BlankProcess,,,,,,,,,,,,,,,,,,,,,,,,,,,,
284,N1,LRP117b,no,23.2654444,91.3064444,114.641,0,0.0,0,LRP117c,BlankProcess,,,,,,,,,,,,,,,,,,,,,,,,,,,,
285,N1,LRP117c,no,23.263666699999998,91.30675,114.844,0,0.0,0,LRP116a,BlankProcess,,,,,,,,,,,,,,,,,,,,,,,,,,,,
286,N1,LRP116a,no,23.26183609,91.30702174,115.052,RANGAMATIA (1) BOX CULVERT,3.0,B,LRP118,BridgesDelay,,,,,,,,,,,,,,,,,,,,,,,,,,,,
287,N1,LRP118,no,23.2601111,91.3072778,115.24799999999999,0,0.0,0,LRP116b,BlankProcess,,,,,,,,,,,,,,,,,,,,,,,,,,,,
288,N1,LRP116b,no,23.25941665,91.3073611,115.32600000000001,RANGOWATIA 2 CULVERT,3.0,B,LRP116c,BridgesDelay,,,,,,,,,,,,,,,,,,,,,,,,,,,,
289,N1,LRP116c,no,23.25764298,91.30761565,115.525,NOWA PARA BOX CULVERT,3.6,B,LRP117a,BridgesDelay,,,,,,,,,,,,,,,,,,,,,,,,,,,,
290,N1,LRP117a,no,23.25274634,91.30839264,116.074,HARISHARDE CULVERT,4.5,B,LRP119,BridgesDelay,,,,,,,,,,,,,,,,,,,,,,,,,,,,
291,N1,LRP119,no,23.2511944,91.3086389,116.24799999999999,0,0.0,0,LRP119b,BlankProcess,,,,,,,,,,,,,,,,,,,,,,,,,,,,
292,N1,LRP119b,no,23.248333,91.3098056,116.60799999999999,0,0.0,0,LRP119c,BlankProcess,,,,,,,,,,,,,,,,,,,,,,,,,,,,
293,N1,LRP119c,no,23.2481663,91.3098889,116.631,0,0.0,0,LRP119d,BlankProcess,,,,,,,,,,,,,,,,,,,,,,,,,,,,
294,N1,LRP119d,no,23.2452774,91.3110556,116.978,0,0.0,0,LRP118a,BlankProcess,,,,,,,,,,,,,,,,,,,,,,,,,,,,
295,N1,LRP118a,no,23.24439151,91.31140323,117.087,SONAGATI BOX CULVERT,2.5,B,LRP120,BridgesDelay,,,,,,,,,,,,,,,,,,,,,,,,,,,,
296,N1,LRP120,no,23.243083,91.3119167,117.24799999999999,0,0.0,0,LRP118b,BlankProcess,,,,,,,,,,,,,,,,,,,,,,,,,,,,
297,N1,LRP118b,no,23.24290406,91.31197395,117.26899999999999,BALUJURI BOX CULVERT,19.2,B,LRP120a,BridgesDelay,,,,,,,,,,,,,,,,,,,,,,,,,,,,
298,N1,LRP120a,no,23.241694100000004,91.31236109999999,117.411,0,0.0,0,LRP118d,BlankProcess,,,,,,,,,,,,,,,,,,,,,,,,,,,,
299,N1,LRP118d,no,23.23979203,91.31257409,117.62700000000001,BALUZURI 2 CULVERT,2.6,A,LRP119a,BridgesDelay,,,,,,,,,,,,,,,,,,,,,,,,,,,,
300,N1,LRP119a,no,23.23607595,91.3129902,118.04899999999999,KALIR BAZAR BOX CULVERT,2.5,A,LRP120b,BridgesDelay,,,,,,,,,,,,,,,,,,,,,,,,,,,,
301,N1,LRP120b,no,23.2344997,91.3131667,118.228,0,0.0,0,LRP121,BlankProcess,,,,,,,,,,,,,,,,,,,,,,,,,,,,
302,N1,LRP121,no,23.234305199999998,91.3131667,118.24799999999999,0,0.0,0,LRP121a,BlankProcess,,,,,,,,,,,,,,,,,,,,,,,,,,,,
303,N1,LRP121a,no,23.231499300000003,91.31322220000001,118.56299999999999,0,0.0,0,LRP122,BlankProcess,,,,,,,,,,,,,,,,,,,,,,,,,,,,
304,N1,LRP122,no,23.225388199999998,91.3135833,119.24799999999999,0,0.0,0,LRP122b,BlankProcess,,,,,,,,,,,,,,,,,,,,,,,,,,,,
305,N1,LRP122b,no,23.2184993,91.31438890000001,120.02600000000001,0,0.0,0,LRP123,BlankProcess,,,,,,,,,,,,,,,,,,,,,,,,,,,,
306,N1,LRP123,no,23.2165556,91.3149167,120.24799999999999,0,0.0,0,LRP121b,BlankProcess,,,,,,,,,,,,,,,,,,,,,,,,,,,,
307,N1,LRP121b,no,23.21319557,91.31534974,120.634,HAYDAR POLE BOX CULVERT,14.3,B,LRP124,BridgesDelay,,,,,,,,,,,,,,,,,,,,,,,,,,,,
308,N1,LRP124,no,23.2078889,91.3159722,121.24799999999999,0,0.0,0,LRP122a,BlankProcess,,,,,,,,,,,,,,,,,,,,,,,,,,,,
309,N1,LRP122a,no,23.20503863,91.31631673,121.56700000000001,FALGUNCORA CULVERT,6.1,A,LRP124a,BridgesDelay,,,,,,,,,,,,,,,,,,,,,,,,,,,,
310,N1,LRP124a,no,23.201,91.31680490000001,122.01899999999999,0,0.0,0,LRP125,BlankProcess,,,,,,,,,,,,,,,,,,,,,,,,,,,,
311,N1,LRP125,no,23.1990274,91.31705490000002,122.24799999999999,0,0.0,0,LRP123a,BlankProcess,,,,,,,,,,,,,,,,,,,,,,,,,,,,
312,N1,LRP123a,no,23.1961888,91.31767051,122.603,ATTOCK GRAM BOX CULVERT,6.1,A,LRP126,BridgesDelay,,,,,,,,,,,,,,,,,,,,,,,,,,,,
313,N1,LRP126,no,23.1909997,91.3192493,123.24799999999999,0,0.0,0,LRP126a,BlankProcess,,,,,,,,,,,,,,,,,,,,,,,,,,,,
314,N1,LRP126a,no,23.1866941,91.3212493,123.771,0,0.0,0,LRP126b,BlankProcess,,,,,,,,,,,,,,,,,,,,,,,,,,,,
315,N1,LRP126b,no,23.1866108,91.32127709999999,123.78299999999999,0,0.0,0,LRP127,BlankProcess,,,,,,,,,,,,,,,,,,,,,,,,,,,,
316,N1,LRP127,no,23.1826382,91.3210827,124.24799999999999,0,0.0,0,LRP125a,BlankProcess,,,,,,,,,,,,,,,,,,,,,,,,,,,,
317,N1,LRP125a,no,23.18179581,91.32087875,124.346,BASHONTA PUR (2),9.5,B,LRP127a,BridgesDelay,,,,,,,,,,,,,,,,,,,,,,,,,,,,
318,N1,LRP127a,no,23.177360399999998,91.31980490000001,124.86200000000001,0,0.0,0,LRP128,BlankProcess,,,,,,,,,,,,,,,,,,,,,,,,,,,,
319,N1,LRP128,no,23.172916,91.32052709999999,125.37700000000001,0,0.0,0,LRP128b,BlankProcess,,,,,,,,,,,,,,,,,,,,,,,,,,,,
320,N1,LRP128b,no,23.1680549,91.3213604,125.93700000000001,0,0.0,0,LRP129,BlankProcess,,,,,,,,,,,,,,,,,,,,,,,,,,,,
321,N1,LRP129,no,23.1641389,91.3214993,126.37700000000001,0,0.0,0,LRP129a,BlankProcess,,,,,,,,,,,,,,,,,,,,,,,,,,,,
322,N1,LRP129a,no,23.157166699999998,91.3224993,127.169,0,0.0,0,LRP130,BlankProcess,,,,,,,,,,,,,,,,,,,,,,,,,,,,
323,N1,LRP130,no,23.1554167,91.3232771,127.37700000000001,0,0.0,0,LRP128a,BlankProcess,,,,,,,,,,,,,,,,,,,,,,,,,,,,
324,N1,LRP128a,no,23.15273649,91.32431788,127.67299999999999,DIMATOLI (1) BOX CULVERT,6.3,B,LRP130a,BridgesDelay,,,,,,,,,,,,,,,,,,,,,,,,,,,,
325,N1,LRP130a,no,23.1496941,91.3254993,128.009,0,0.0,0,LRP130b,BlankProcess,,,,,,,,,,,,,,,,,,,,,,,,,,,,
326,N1,LRP130b,no,23.148027399999997,91.3264993,128.278,0,0.0,0,LRP131,BlankProcess,,,,,,,,,,,,,,,,,,,,,,,,,,,,
327,N1,LRP131,no,23.1471663,91.3266938,128.377,0,0.0,0,LRP132,BlankProcess,,,,,,,,,,,,,,,,,,,,,,,,,,,,
328,N1,LRP132,no,23.138221899999998,91.32630490000001,129.377,0,0.0,0,LRP131a,BlankProcess,,,,,,,,,,,,,,,,,,,,,,,,,,,,
329,N1,LRP131a,no,23.13326397,91.32754642,129.955,JAGOT PUR BOX CULVERT,3.0,B,LRP133,BridgesDelay,,,,,,,,,,,,,,,,,,,,,,,,,,,,
330,N1,LRP133,no,23.1295827,91.3284993,130.377,0,0.0,0,LRP131b,BlankProcess,,,,,,,,,,,,,,,,,,,,,,,,,,,,
331,N1,LRP131b,no,23.12523636,91.33038637,130.912,HASO BOTHACH BOX CULVERT,6.5,A,LRP133b,BridgesDelay,,,,,,,,,,,,,,,,,,,,,,,,,,,,
332,N1,LRP133b,no,23.123499300000002,91.3311382,131.122,0,0.0,0,LRP134,BlankProcess,,,,,,,,,,,,,,,,,,,,,,,,,,,,
333,N1,LRP134,no,23.1213327,91.33205490000002,131.377,0,0.0,0,LRP132a,BlankProcess,,,,,,,,,,,,,,,,,,,,,,,,,,,,
334,N1,LRP132a,no,23.11969738,91.33281651,131.577,FOKIR BAZAR SLAB CULVERT,4.5,B,LRP135,BridgesDelay,,,,,,,,,,,,,,,,,,,,,,,,,,,,
335,N1,LRP135,no,23.1191382,91.3330827,131.653,0,0.0,0,LRP133a,BlankProcess,,,,,,,,,,,,,,,,,,,,,,,,,,,,
336,N1,LRP133a,no,23.11582516,91.33509449,132.079,KAKKARA CULVERT,5.3,B,LRP136,BridgesDelay,,,,,,,,,,,,,,,,,,,,,,,,,,,,
337,N1,LRP136,no,23.1113611,91.3378052,132.653,0,0.0,0,LRP136a,BlankProcess,,,,,,,,,,,,,,,,,,,,,,,,,,,,
338,N1,LRP136a,no,23.110805600000003,91.3381386,132.72799999999998,0,0.0,0,LRP134a,BlankProcess,,,,,,,,,,,,,,,,,,,,,,,,,,,,
339,N1,LRP134a,no,23.10742845,91.34004954,133.155,Chanara Box Culvert,6.1,A,LRP136b,BridgesDelay,,,,,,,,,,,,,,,,,,,,,,,,,,,,
340,N1,LRP136b,no,23.105111100000002,91.3413608,133.44799999999998,0,0.0,0,LRP137,BlankProcess,,,,,,,,,,,,,,,,,,,,,,,,,,,,
341,N1,LRP137,no,23.1035,91.3422497,133.653,0,0.0,0,LRP135a,BlankProcess,,,,,,,,,,,,,,,,,,,,,,,,,,,,
342,N1,LRP135a,no,23.10175632,91.343163,133.873,CHANGARPULL(II) BOX CULVERT,3.1,B,LRP137a,BridgesDelay,,,,,,,,,,,,,,,,,,,,,,,,,,,,
343,N1,LRP137a,no,23.1005833,91.34377740000001,134.02100000000002,0,0.0,0,LRP135b,BlankProcess,,,,,,,,,,,,,,,,,,,,,,,,,,,,
344,N1,LRP135b,no,23.09735125,91.34549563,134.42600000000002,ADONCORA,9.5,B,LRP137b,BridgesDelay,,,,,,,,,,,,,,,,,,,,,,,,,,,,
345,N1,LRP137b,no,23.0961941,91.3461108,134.571,0,0.0,0,LRP138,BlankProcess,,,,,,,,,,,,,,,,,,,,,,,,,,,,
346,N1,LRP138,no,23.095582999999998,91.3464441,134.653,0,0.0,0,LRP138a,BlankProcess,,,,,,,,,,,,,,,,,,,,,,,,,,,,
347,N1,LRP138a,no,23.0901108,91.34941629999999,135.341,0,0.0,0,LRP139,BlankProcess,,,,,,,,,,,,,,,,,,,,,,,,,,,,
348,N1,LRP139,no,23.0876108,91.35088890000002,135.653,0,0.0,0,LRP136c,BlankProcess,,,,,,,,,,,,,,,,,,,,,,,,,,,,
349,N1,LRP136c,no,23.08707537,91.35121015,135.72299999999998,FOEALTPARA BOX CULVERT,9.25,B,LRP139a,BridgesDelay,,,,,,,,,,,,,,,,,,,,,,,,,,,,
350,N1,LRP139a,no,23.0849719,91.35247220000001,135.998,0,0.0,0,LRP139b,BlankProcess,,,,,,,,,,,,,,,,,,,,,,,,,,,,
351,N1,LRP139b,no,23.0808049,91.3548611,136.525,0,0.0,0,LRP139c,BlankProcess,,,,,,,,,,,,,,,,,,,,,,,,,,,,
352,N1,LRP139c,no,23.0806938,91.35494440000001,136.542,0,0.0,0,LRP140,BlankProcess,,,,,,,,,,,,,,,,,,,,,,,,,,,,
353,N1,LRP140,no,23.0792493,91.3558333,136.735,0,0.0,0,LRP141,BlankProcess,,,,,,,,,,,,,,,,,,,,,,,,,,,,
354,N1,LRP141,no,23.0712493,91.3599722,137.735,0,0.0,0,LRP141a,BlankProcess,,,,,,,,,,,,,,,,,,,,,,,,,,,,
355,N1,LRP141a,no,23.0688604,91.36072220000001,138.01,0,0.0,0,LRP141b,BlankProcess,,,,,,,,,,,,,,,,,,,,,,,,,,,,
356,N1,LRP141b,no,23.0636944,91.3616389,138.621,0,0.0,0,LRP142,BlankProcess,,,,,,,,,,,,,,,,,,,,,,,,,,,,
357,N1,LRP142,yes,23.063527800000003,91.3616389,138.639,0,0.0,0,LRP142a,BlankProcess,0.0,41.4,0.0,187.9,0.0,68.3,0.0,218.0,0.0,53.1,0.0,49.4,7.7,0.0,0.0,36.0,0.0,99.9,0.0,6.7,0.0,14.3,0.0,18.9,0.0,0.0,0.0,753.1
358,N1,LRP142a,no,23.061472199999997,91.3616667,138.869,0,0.0,0,LRP140a,BlankProcess,,,,,,,,,,,,,,,,,,,,,,,,,,,,
359,N1,LRP140a,no,23.06074733,91.36186246,138.953,MOHAMMAD ALI MAZAR,4.0,B,LRP143,BridgesDelay,,,,,,,,,,,,,,,,,,,,,,,,,,,,
360,N1,LRP143,yes,23.0538611,91.36372220000001,139.751,0,0.0,0,LRP144,BlankProcess,0.0,0.0,0.0,0.0,0.0,0.0,0.0,0.0,0.0,0.0,0.0,0.0,0.0,0.0,0.0,0.0,0.0,0.0,0.0,0.0,0.0,0.0,0.0,0.0,0.0,0.0,0.0,0.0
361,N1,LRP144,no,23.044971899999997,91.36536109999999,140.77200000000002,0,0.0,0,LRP144a,BlankProcess,,,,,,,,,,,,,,,,,,,,,,,,,,,,
362,N1,LRP144a,no,23.0427774,91.3654444,140.968,0,0.0,0,LRP144b,BlankProcess,,,,,,,,,,,,,,,,,,,,,,,,,,,,
363,N1,LRP144b,no,23.0398052,91.3656111,141.304,0,0.0,0,LRP145,BlankProcess,,,,,,,,,,,,,,,,,,,,,,,,,,,,
364,N1,LRP145,no,23.0360274,91.36575,141.77200000000002,0,0.0,0,LRP145a,BlankProcess,,,,,,,,,,,,,,,,,,,,,,,,,,,,
365,N1,LRP145a,no,23.029416,91.36563890000001,142.507,0,0.0,0,LRP143a,BlankProcess,,,,,,,,,,,,,,,,,,,,,,,,,,,,
366,N1,LRP143a,no,23.02698012,91.36550048,142.793,DEBIPUR SLAB CULVERT,1.6,A,LRP146,BridgesDelay,,,,,,,,,,,,,,,,,,,,,,,,,,,,
367,N1,LRP146,yes,23.026971600000003,91.3655,142.79399999999998,0,0.0,0,LRP146a,BlankProcess,54.1,0.0,0.0,160.3,0.0,65.0,80.6,0.0,0.0,3.7,0.0,30.9,0.0,14.6,0.0,43.5,30.8,0.0,0.0,5.6,4.6,0.0,5.7,0.0,0.0,0.0,0.0,158.0
368,N1,LRP146a,no,23.024832699999997,91.3655278,143.034,0,0.0,0,LRP147,BlankProcess,,,,,,,,,,,,,,,,,,,,,,,,,,,,
369,N1,LRP147,yes,23.0193604,91.3697771,143.795,0,0.0,0,LRP147a,BlankProcess,0.0,10.4,119.3,0.0,83.9,0.0,4.8,0.0,63.9,0.0,78.2,0.0,10.3,0.0,20.4,0.0,69.3,0.0,35.8,0.0,0.0,19.9,5.5,0.0,0.0,0.0,475.4,0.0
370,N1,LRP147a,no,23.0185271,91.37083270000001,143.946,0,0.0,0,LRP147b,BlankProcess,,,,,,,,,,,,,,,,,,,,,,,,,,,,
371,N1,LRP147b,no,23.014083300000003,91.37597159999999,144.67,0,0.0,0,LRP148,BlankProcess,,,,,,,,,,,,,,,,,,,,,,,,,,,,
372,N1,LRP148,no,23.0132778,91.37694379999999,144.795,0,0.0,0,LRP148a,BlankProcess,,,,,,,,,,,,,,,,,,,,,,,,,,,,
373,N1,LRP148a,no,23.009555600000002,91.3813604,145.409,0,0.0,0,LRP150,BlankProcess,,,,,,,,,,,,,,,,,,,,,,,,,,,,
374,N1,LRP150,no,23.0018889,91.3920552,146.816,0,0.0,0,LRP151,BlankProcess,,,,,,,,,,,,,,,,,,,,,,,,,,,,
375,N1,LRP151,no,22.996388600000003,91.3998052,147.816,0,0.0,0,LRP151a,BlankProcess,,,,,,,,,,,,,,,,,,,,,,,,,,,,
376,N1,LRP151a,no,22.9961941,91.4005,147.901,0,0.0,0,LRP151b,BlankProcess,,,,,,,,,,,,,,,,,,,,,,,,,,,,
377,N1,LRP151b,no,22.9960552,91.4006667,147.924,0,0.0,0,LRP149a,BlankProcess,,,,,,,,,,,,,,,,,,,,,,,,,,,,
378,N1,LRP149a,no,22.99472808,91.40228949,148.151,RAMPUR BRIDGE,23.4,A,LRP149c,BridgesDelay,,,,,,,,,,,,,,,,,,,,,,,,,,,,
379,N1,LRP149c,no,22.99271694,91.40474870000001,148.495,.,1.9,A,LRP152,BridgesDelay,,,,,,,,,,,,,,,,,,,,,,,,,,,,
380,N1,LRP152,yes,22.990694100000002,91.4072222,148.841,0,0.0,0,LRP152a,BlankProcess,10.4,0.0,0.0,119.3,0.0,83.9,0.0,4.8,0.0,63.9,0.0,78.2,0.0,10.3,0.0,20.4,0.0,69.3,0.0,35.8,19.9,0.0,0.0,5.5,0.0,0.0,0.0,475.4
381,N1,LRP152a,no,22.9877774,91.41,149.289,0,0.0,0,LRP152b,BlankProcess,,,,,,,,,,,,,,,,,,,,,,,,,,,,
382,N1,LRP152b,no,22.985888600000003,91.4120556,149.585,0,0.0,0,LRP153,BlankProcess,,,,,,,,,,,,,,,,,,,,,,,,,,,,
383,N1,LRP153,no,22.984221899999998,91.41372220000001,149.841,0,0.0,0,LRP154,BlankProcess,,,,,,,,,,,,,,,,,,,,,,,,,,,,
384,N1,LRP154,no,22.9774438,91.42058270000001,150.892,0,0.0,0,LRP155,BlankProcess,,,,,,,,,,,,,,,,,,,,,,,,,,,,
385,N1,LRP155,no,22.9711382,91.4273882,151.892,0,0.0,0,LRP156,BlankProcess,,,,,,,,,,,,,,,,,,,,,,,,,,,,
386,N1,LRP156,no,22.966333300000002,91.4356108,152.892,0,0.0,0,LRP156a,BlankProcess,,,,,,,,,,,,,,,,,,,,,,,,,,,,
387,N1,LRP156a,no,22.9624167,91.44169409999999,153.672,0,0.0,0,LRP156b,BlankProcess,,,,,,,,,,,,,,,,,,,,,,,,,,,,
388,N1,LRP156b,no,22.9618056,91.4424997,153.781,0,0.0,0,LRP155a,BlankProcess,,,,,,,,,,,,,,,,,,,,,,,,,,,,
389,N1,LRP155a,no,22.96144874,91.44299620000001,153.843,LAMUA BRIDGE,94.05,B,LRP157,BridgesDelay,,,,,,,,,,,,,,,,,,,,,,,,,,,,
390,N1,LRP157,no,22.9611667,91.44338859999999,153.892,0,0.0,0,LRP158,BlankProcess,,,,,,,,,,,,,,,,,,,,,,,,,,,,
391,N1,LRP158,no,22.9561389,91.45177779999999,154.935,0,0.0,0,LRP159,BlankProcess,,,,,,,,,,,,,,,,,,,,,,,,,,,,
392,N1,LRP159,no,22.9514444,91.46002779999999,155.935,0,0.0,0,LRP160,BlankProcess,,,,,,,,,,,,,,,,,,,,,,,,,,,,
393,N1,LRP160,yes,22.9479997,91.46899930000001,156.947,0,0.0,0,LRP160a,BlankProcess,0.0,3.1,296.6,0.0,96.8,0.0,43.3,0.0,19.5,0.0,67.4,0.0,3.7,0.0,42.6,0.0,0.0,169.4,13.4,0.0,0.1,0.0,0.0,11.5,0.0,0.0,410.7,0.0
394,N1,LRP160a,no,22.9483608,91.4761382,157.685,0,0.0,0,LRP161,BlankProcess,,,,,,,,,,,,,,,,,,,,,,,,,,,,
395,N1,LRP161,no,22.9484997,91.4786938,157.947,0,0.0,0,LRP159a,BlankProcess,,,,,,,,,,,,,,,,,,,,,,,,,,,,
396,N1,LRP159a,no,22.94860387,91.47949938,158.031,FAZAILPUR BOXCULVERT,1.5,A,LRP162,BridgesDelay,,,,,,,,,,,,,,,,,,,,,,,,,,,,
397,N1,LRP162,no,22.9497497,91.4883608,158.955,0,0.0,0,LRP163,BlankProcess,,,,,,,,,,,,,,,,,,,,,,,,,,,,
398,N1,LRP163,no,22.9497774,91.49802740000001,159.955,0,0.0,0,LRP163a,BlankProcess,,,,,,,,,,,,,,,,,,,,,,,,,,,,
399,N1,LRP163a,no,22.9496663,91.5007778,160.243,0,0.0,0,LRP161a,BlankProcess,,,,,,,,,,,,,,,,,,,,,,,,,,,,
400,N1,LRP161a,no,22.94961261,91.50206690000002,160.379,MUHURI BRIDGE,191.5,B,LRP163b,BridgesDelay,,,,,,,,,,,,,,,,,,,,,,,,,,,,
401,N1,LRP163b,no,22.949582999999997,91.50277779999999,160.454,0,0.0,0,LRP164,BlankProcess,,,,,,,,,,,,,,,,,,,,,,,,,,,,
402,N1,LRP164,yes,22.9482774,91.50725,160.963,0,0.0,0,LRP164a,BlankProcess,0.0,121.7,0.0,206.4,0.0,35.7,0.0,39.7,0.0,12.5,0.0,17.2,9.9,0.0,0.0,5.5,0.0,87.3,0.0,16.9,0.0,1.5,0.0,8.7,0.0,0.0,0.0,533.1
403,N1,LRP164a,no,22.943944100000003,91.51086109999999,161.582,0,0.0,0,LRP165,BlankProcess,,,,,,,,,,,,,,,,,,,,,,,,,,,,
404,N1,LRP165,no,22.940832999999998,91.5124444,161.963,0,0.0,0,LRP166,BlankProcess,,,,,,,,,,,,,,,,,,,,,,,,,,,,
405,N1,LRP166,no,22.932971600000002,91.51722159999998,162.963,0,0.0,0,LRP167,BlankProcess,,,,,,,,,,,,,,,,,,,,,,,,,,,,
406,N1,LRP167,no,22.924888199999998,91.5213327,163.963,0,0.0,0,LRP168,BlankProcess,,,,,,,,,,,,,,,,,,,,,,,,,,,,
407,N1,LRP168,no,22.916721600000002,91.5253882,164.963,0,0.0,0,LRP168a,BlankProcess,,,,,,,,,,,,,,,,,,,,,,,,,,,,
408,N1,LRP168a,no,22.9156667,91.5259438,165.097,0,0.0,0,LRP166a,BlankProcess,,,,,,,,,,,,,,,,,,,,,,,,,,,,
409,N1,LRP166a,no,22.91496471,91.52628954,165.183,DumGhat Bridge(L),222.43,A,LRP168b,BridgesDelay,,,,,,,,,,,,,,,,,,,,,,,,,,,,
410,N1,LRP168b,no,22.9138056,91.5268604,165.325,0,0.0,0,LRP166c,BlankProcess,,,,,,,,,,,,,,,,,,,,,,,,,,,,
411,N1,LRP166c,no,22.90971289,91.5289285,165.825,BUMGAT BOXCULVERT,6.1,A,LRP169,BridgesDelay,,,,,,,,,,,,,,,,,,,,,,,,,,,,
412,N1,LRP169,no,22.9085833,91.5294993,165.963,0,0.0,0,LRP169a,BlankProcess,,,,,,,,,,,,,,,,,,,,,,,,,,,,
413,N1,LRP169a,no,22.9046667,91.53144379999999,166.42700000000002,0,0.0,0,LRP167a,BlankProcess,,,,,,,,,,,,,,,,,,,,,,,,,,,,
414,N1,LRP167a,no,22.9042463,91.53162978,166.479,BOROYAR PARA SLUB CULVERT,3.0,A,LRP170,BridgesDelay,,,,,,,,,,,,,,,,,,,,,,,,,,,,
415,N1,LRP170,no,22.9003333,91.5333608,166.963,0,0.0,0,LRP170a,BlankProcess,,,,,,,,,,,,,,,,,,,,,,,,,,,,
416,N1,LRP170a,no,22.899444100000004,91.5336108,167.046,0,0.0,0,LRP170b,BlankProcess,,,,,,,,,,,,,,,,,,,,,,,,,,,,
417,N1,LRP170b,no,22.893999700000002,91.5346941,167.683,0,0.0,0,LRP170c,BlankProcess,,,,,,,,,,,,,,,,,,,,,,,,,,,,
418,N1,LRP170c,no,22.8929719,91.5350274,167.796,0,0.0,0,LRP170d,BlankProcess,,,,,,,,,,,,,,,,,,,,,,,,,,,,
419,N1,LRP170d,no,22.8921663,91.5353052,167.9,0,0.0,0,LRP171,BlankProcess,,,,,,,,,,,,,,,,,,,,,,,,,,,,
420,N1,LRP171,no,22.891638600000004,91.5354719,167.963,0,0.0,0,LRP172,BlankProcess,,,,,,,,,,,,,,,,,,,,,,,,,,,,
421,N1,LRP172,no,22.8829993,91.5381663,168.963,0,0.0,0,LRP171a,BlankProcess,,,,,,,,,,,,,,,,,,,,,,,,,,,,
422,N1,LRP171a,no,22.87469869,91.54088366,169.933,UTTOR SONAPAR BOX CULVERT,4.3,A,LRP173,BridgesDelay,,,,,,,,,,,,,,,,,,,,,,,,,,,,
423,N1,LRP173,no,22.874443799999998,91.5409719,169.963,0,0.0,0,LRP173a,BlankProcess,,,,,,,,,,,,,,,,,,,,,,,,,,,,
424,N1,LRP173a,no,22.8731382,91.54144409999999,170.125,0,0.0,0,LRP171b,BlankProcess,,,,,,,,,,,,,,,,,,,,,,,,,,,,
425,N1,LRP171b,no,22.87272203,91.54159588,170.174,CHAIRMEN BARI BOX CULVERT,2.0,A,LRP173b,BridgesDelay,,,,,,,,,,,,,,,,,,,,,,,,,,,,
426,N1,LRP173b,no,22.868416,91.5431663,170.68099999999998,0,0.0,0,LRP171c,BlankProcess,,,,,,,,,,,,,,,,,,,,,,,,,,,,
427,N1,LRP171c,no,22.86805637,91.54329633,170.725,MADDAM SONAPAR(1) BOX CULVERT,1.5,A,LRP174,BridgesDelay,,,,,,,,,,,,,,,,,,,,,,,,,,,,
428,N1,LRP174,no,22.8661111,91.5439997,170.963,0,0.0,0,LRP174a,BlankProcess,,,,,,,,,,,,,,,,,,,,,,,,,,,,
429,N1,LRP174a,no,22.86111772,91.54512585,171.53900000000002,0,0.0,0,LRP172a,BlankProcess,,,,,,,,,,,,,,,,,,,,,,,,,,,,
430,N1,LRP172a,no,22.86098769,91.54515517,171.554,DHARBAR TILA CULVERT,4.3,A,LRP172b,BridgesDelay,,,,,,,,,,,,,,,,,,,,,,,,,,,,
431,N1,LRP172b,no,22.85948479,91.54548,171.72799999999998,MADDUM SONAPHAR-3,2.0,A,LRP175,BridgesDelay,,,,,,,,,,,,,,,,,,,,,,,,,,,,
432,N1,LRP175,no,22.8575556,91.54563859999999,171.963,0,0.0,0,LRP176,BlankProcess,,,,,,,,,,,,,,,,,,,,,,,,,,,,
433,N1,LRP176,no,22.8486663,91.5463608,172.963,0,0.0,0,LRP176b,BlankProcess,,,,,,,,,,,,,,,,,,,,,,,,,,,,
434,N1,LRP176b,no,22.848444100000002,91.54641629999999,172.99,0,0.0,0,LRP174b,BlankProcess,,,,,,,,,,,,,,,,,,,,,,,,,,,,
435,N1,LRP174b,no,22.84539149,91.54746892,173.35,MUSTAU NOGAR(2),3.0,A,LRP176c,BridgesDelay,,,,,,,,,,,,,,,,,,,,,,,,,,,,
436,N1,LRP176c,no,22.8452219,91.5475274,173.37,0,0.0,0,LRP174c,BlankProcess,,,,,,,,,,,,,,,,,,,,,,,,,,,,
437,N1,LRP174c,no,22.84345514,91.54814956,173.585,MASTARI HAGOR 3 CULVERT,1.5,A,LRP176d,BridgesDelay,,,,,,,,,,,,,,,,,,,,,,,,,,,,
438,N1,LRP176d,no,22.8432497,91.5482219,173.61,0,0.0,0,LRP175a,BlankProcess,,,,,,,,,,,,,,,,,,,,,,,,,,,,
439,N1,LRP175a,no,22.84109433,91.5488097,173.859,MUSTAN NAGAR -4,3.0,A,LRP177,BridgesDelay,,,,,,,,,,,,,,,,,,,,,,,,,,,,
440,N1,LRP177,no,22.8401941,91.5490552,173.963,0,0.0,0,LRP177a,BlankProcess,,,,,,,,,,,,,,,,,,,,,,,,,,,,
441,N1,LRP177a,no,22.8372497,91.5492497,174.27700000000002,0,0.0,0,LRP175b,BlankProcess,,,,,,,,,,,,,,,,,,,,,,,,,,,,
442,N1,LRP175b,no,22.83274677,91.5501035,174.804,RAIPUR BOX CUL-1,3.0,A,LRP178,BridgesDelay,,,,,,,,,,,,,,,,,,,,,,,,,,,,
443,N1,LRP178,no,22.8313882,91.55036109999999,174.963,0,0.0,0,LRP176a,BlankProcess,,,,,,,,,,,,,,,,,,,,,,,,,,,,
444,N1,LRP176a,no,22.83096134,91.55050285,175.013,RAIPUR (2) BOX CULVERT,4.5,A,LRP178a,BridgesDelay,,,,,,,,,,,,,,,,,,,,,,,,,,,,
445,N1,LRP178a,no,22.8239438,91.5528333,175.835,0,0.0,0,LRP179,BlankProcess,,,,,,,,,,,,,,,,,,,,,,,,,,,,
446,N1,LRP179,no,22.8228049,91.55313890000001,175.963,0,0.0,0,LRP180,BlankProcess,,,,,,,,,,,,,,,,,,,,,,,,,,,,
447,N1,LRP180,no,22.8141389,91.5555833,176.963,0,0.0,0,LRP179a,BlankProcess,,,,,,,,,,,,,,,,,,,,,,,,,,,,
448,N1,LRP179a,no,22.81156344,91.55625621,177.247,MUCHIPOOL CULVERT,9.5,B,LRP180a,BridgesDelay,,,,,,,,,,,,,,,,,,,,,,,,,,,,
449,N1,LRP180a,no,22.8110556,91.5563889,177.303,0,0.0,0,LRP180b,BlankProcess,,,,,,,,,,,,,,,,,,,,,,,,,,,,
450,N1,LRP180b,no,22.808000000000003,91.5579167,177.709,0,0.0,0,LRP180c,BlankProcess,,,,,,,,,,,,,,,,,,,,,,,,,,,,
451,N1,LRP180c,no,22.8059722,91.5589167,177.96099999999998,0,0.0,0,LRP181,BlankProcess,,,,,,,,,,,,,,,,,,,,,,,,,,,,
452,N1,LRP181,no,22.805944399999998,91.5589167,177.963,0,0.0,0,LRP181a,BlankProcess,,,,,,,,,,,,,,,,,,,,,,,,,,,,
453,N1,LRP181a,no,22.8045833,91.5591111,178.118,0,0.0,0,LRP182,BlankProcess,,,,,,,,,,,,,,,,,,,,,,,,,,,,
454,N1,LRP182,no,22.797471899999998,91.56136109999998,178.963,0,0.0,0,LRP182a,BlankProcess,,,,,,,,,,,,,,,,,,,,,,,,,,,,
455,N1,LRP182a,no,22.7934163,91.5633333,179.456,0,0.0,0,LRP182b,BlankProcess,,,,,,,,,,,,,,,,,,,,,,,,,,,,
456,N1,LRP182b,no,22.789610800000002,91.5654444,179.928,0,0.0,0,LRP183,BlankProcess,,,,,,,,,,,,,,,,,,,,,,,,,,,,
457,N1,LRP183,no,22.7893608,91.5655833,179.963,0,0.0,0,LRP183a,BlankProcess,,,,,,,,,,,,,,,,,,,,,,,,,,,,
458,N1,LRP183a,no,22.7813327,91.5695271,180.957,0,0.0,0,LRP184,BlankProcess,,,,,,,,,,,,,,,,,,,,,,,,,,,,
459,N1,LRP184,no,22.781221600000002,91.5695827,180.963,0,0.0,0,LRP184b,BlankProcess,,,,,,,,,,,,,,,,,,,,,,,,,,,,
460,N1,LRP184b,no,22.777110399999998,91.5713327,181.46400000000003,0,0.0,0,LRP183b,BlankProcess,,,,,,,,,,,,,,,,,,,,,,,,,,,,
461,N1,LRP183b,no,22.77419709,91.57287375,181.825,Mirsorai(2) box culvert,6.0,A,LRP184c,BridgesDelay,,,,,,,,,,,,,,,,,,,,,,,,,,,,
462,N1,LRP184c,no,22.7732771,91.5733604,181.93900000000002,0,0.0,0,LRP185,BlankProcess,,,,,,,,,,,,,,,,,,,,,,,,,,,,
463,N1,LRP185,no,22.7730271,91.57347159999999,181.963,0,0.0,0,LRP184a,BlankProcess,,,,,,,,,,,,,,,,,,,,,,,,,,,,
464,N1,LRP184a,no,22.77025167,91.57509052,182.31799999999998,IANAINIPOL BOX CULVERT.,9.7,A,LRP185a,BridgesDelay,,,,,,,,,,,,,,,,,,,,,,,,,,,,
465,N1,LRP185a,no,22.7693604,91.5756104,182.43200000000002,0,0.0,0,LRP185b,BlankProcess,,,,,,,,,,,,,,,,,,,,,,,,,,,,
466,N1,LRP185b,no,22.7661944,91.5779993,182.43400000000003,0,0.0,0,LRP186,BlankProcess,,,,,,,,,,,,,,,,,,,,,,,,,,,,
467,N1,LRP186,no,22.765472199999998,91.57855490000001,182.963,0,0.0,0,LRP186a,BlankProcess,,,,,,,,,,,,,,,,,,,,,,,,,,,,
468,N1,LRP186a,no,22.7621944,91.5811382,183.416,0,0.0,0,LRP187,BlankProcess,,,,,,,,,,,,,,,,,,,,,,,,,,,,
469,N1,LRP187,no,22.758527800000003,91.58452740000001,183.963,0,0.0,0,LRP188,BlankProcess,,,,,,,,,,,,,,,,,,,,,,,,,,,,
470,N1,LRP188,no,22.751333300000002,91.5903608,184.963,0,0.0,0,LRP187a,BlankProcess,,,,,,,,,,,,,,,,,,,,,,,,,,,,
471,N1,LRP187a,no,22.75063935,91.59088404,185.058,VARTAGIA BOX CULVERT,3.0,A,LRP188a,BridgesDelay,,,,,,,,,,,,,,,,,,,,,,,,,,,,
472,N1,LRP188a,no,22.749638600000004,91.5916386,185.195,0,0.0,0,LRP187b,BlankProcess,,,,,,,,,,,,,,,,,,,,,,,,,,,,
473,N1,LRP187b,no,22.74451365,91.59439989,185.842,BOTHAGIA (-3) BOX CULVERT,8.1,B,LRP189,BridgesDelay,,,,,,,,,,,,,,,,,,,,,,,,,,,,
474,N1,LRP189,no,22.7435552,91.5949163,185.963,0,0.0,0,LRP189a,BlankProcess,,,,,,,,,,,,,,,,,,,,,,,,,,,,
475,N1,LRP189a,no,22.743305199999998,91.5950274,185.995,0,0.0,0,LRP190,BlankProcess,,,,,,,,,,,,,,,,,,,,,,,,,,,,
476,N1,LRP190,no,22.7349997,91.59794409999999,186.963,0,0.0,0,LRP191,BlankProcess,,,,,,,,,,,,,,,,,,,,,,,,,,,,
477,N1,LRP191,no,22.7263882,91.60077779999999,187.963,0,0.0,0,LRP190a,BlankProcess,,,,,,,,,,,,,,,,,,,,,,,,,,,,
478,N1,LRP190a,no,22.72331676,91.60243314,188.35,NIAZAMPUR BOX CULVERT,3.0,A,LRP192,BridgesDelay,,,,,,,,,,,,,,,,,,,,,,,,,,,,
479,N1,LRP192,no,22.7185549,91.6053056,188.963,0,0.0,0,LRP191a,BlankProcess,,,,,,,,,,,,,,,,,,,,,,,,,,,,
480,N1,LRP191a,no,22.71782439,91.60576233,189.058,MIRJAPUR BOX CULVERT,3.0,A,LRP191b,BridgesDelay,,,,,,,,,,,,,,,,,,,,,,,,,,,,
481,N1,LRP191b,no,22.71727073,91.60610848,189.13,MIRZAPUR (2) BOX CULVERT,3.0,A,LRP192a,BridgesDelay,,,,,,,,,,,,,,,,,,,,,,,,,,,,
482,N1,LRP192a,no,22.7165556,91.6065556,189.22299999999998,0,0.0,0,LRP192b,BlankProcess,,,,,,,,,,,,,,,,,,,,,,,,,,,,
483,N1,LRP192b,no,22.715999999999998,91.6069167,189.298,0,0.0,0,LRP193,BlankProcess,,,,,,,,,,,,,,,,,,,,,,,,,,,,
484,N1,LRP193,no,22.7143889,91.60794440000001,189.513,0,0.0,0,LRP191c,BlankProcess,,,,,,,,,,,,,,,,,,,,,,,,,,,,
485,N1,LRP191c,no,22.71387274,91.60823522,189.58,ISAMATI BOX CULVERT,19.2,C,LRP193a,BridgesDelay,,,,,,,,,,,,,,,,,,,,,,,,,,,,
486,N1,LRP193a,no,22.7124167,91.6090556,189.769,0,0.0,0,LRP193b,BlankProcess,,,,,,,,,,,,,,,,,,,,,,,,,,,,
487,N1,LRP193b,no,22.7076111,91.6118056,190.37599999999998,0,0.0,0,LRP194,BlankProcess,,,,,,,,,,,,,,,,,,,,,,,,,,,,
488,N1,LRP194,no,22.7065556,91.61236109999999,190.513,0,0.0,0,LRP194a,BlankProcess,,,,,,,,,,,,,,,,,,,,,,,,,,,,
489,N1,LRP194a,no,22.706,91.6126944,190.581,0,0.0,0,LRP194b,BlankProcess,,,,,,,,,,,,,,,,,,,,,,,,,,,,
490,N1,LRP194b,no,22.7033056,91.6142222,190.923,0,0.0,0,LRP194c,BlankProcess,,,,,,,,,,,,,,,,,,,,,,,,,,,,
491,N1,LRP194c,no,22.7002222,91.61577779999999,191.304,0,0.0,0,LRP195,BlankProcess,,,,,,,,,,,,,,,,,,,,,,,,,,,,
492,N1,LRP195,no,22.6984997,91.61666600000001,191.524,0,0.0,0,LRP195a,BlankProcess,,,,,,,,,,,,,,,,,,,,,,,,,,,,
493,N1,LRP195a,no,22.6919719,91.61986040000001,192.308,0,0.0,0,LRP196,BlankProcess,,,,,,,,,,,,,,,,,,,,,,,,,,,,
494,N1,LRP196,no,22.6904163,91.62052709999999,192.524,0,0.0,0,LRP196a,BlankProcess,,,,,,,,,,,,,,,,,,,,,,,,,,,,
495,N1,LRP196a,no,22.689583,91.62083270000001,192.622,0,0.0,0,LRP196b,BlankProcess,,,,,,,,,,,,,,,,,,,,,,,,,,,,
496,N1,LRP196b,no,22.685083,91.6228327,193.166,0,0.0,0,LRP197,BlankProcess,,,,,,,,,,,,,,,,,,,,,,,,,,,,
497,N1,LRP197,yes,22.6825549,91.6241938,193.483,0,0.0,0,LRP197a,BlankProcess,0.0,0.0,0.0,0.0,0.0,0.0,0.0,0.0,0.0,0.0,0.0,0.0,0.0,0.0,0.0,0.0,0.0,0.0,0.0,0.0,0.0,0.0,0.0,0.0,0.0,0.0,0.0,0.0
498,N1,LRP197a,no,22.6769438,91.62683270000001,194.153,0,0.0,0,LRP198,BlankProcess,,,,,,,,,,,,,,,,,,,,,,,,,,,,
499,N1,LRP198,no,22.6743049,91.6277493,194.483,0,0.0,0,LRP198b,BlankProcess,,,,,,,,,,,,,,,,,,,,,,,,,,,,
500,N1,LRP198b,no,22.6722493,91.6285271,194.734,0,0.0,0,LRP198c,BlankProcess,,,,,,,,,,,,,,,,,,,,,,,,,,,,
501,N1,LRP198c,no,22.6678604,91.6301104,195.24,0,0.0,0,LRP197b,BlankProcess,,,,,,,,,,,,,,,,,,,,,,,,,,,,
502,N1,LRP197b,no,22.665783899999997,91.63112936,195.50099999999998,MIRJA PUR (3) BOX CULVERT,3.0,A,LRP199,BridgesDelay,,,,,,,,,,,,,,,,,,,,,,,,,,,,
503,N1,LRP199,no,22.6649167,91.63155490000001,195.61,0,0.0,0,LRP198a,BlankProcess,,,,,,,,,,,,,,,,,,,,,,,,,,,,
504,N1,LRP198a,no,22.66159568,91.63352574,196.03799999999998,SATU DURUAR HAT BOX CULVERT,3.0,A,LRP199b,BridgesDelay,,,,,,,,,,,,,,,,,,,,,,,,,,,,
505,N1,LRP199b,no,22.6596667,91.6347219,196.28799999999998,0,0.0,0,LRP200,BlankProcess,,,,,,,,,,,,,,,,,,,,,,,,,,,,
506,N1,LRP200,no,22.6571389,91.636333,196.61,0,0.0,0,LRP199a,BlankProcess,,,,,,,,,,,,,,,,,,,,,,,,,,,,
507,N1,LRP199a,no,22.65471243,91.63792618,196.925,RONA SORA CULVERT,3.1,A,LRP200a,BridgesDelay,,,,,,,,,,,,,,,,,,,,,,,,,,,,
508,N1,LRP200a,no,22.6543889,91.63813859999999,196.967,0,0.0,0,LRP200b,BlankProcess,,,,,,,,,,,,,,,,,,,,,,,,,,,,
509,N1,LRP200b,no,22.652777800000003,91.6391663,197.176,0,0.0,0,LRP201,BlankProcess,,,,,,,,,,,,,,,,,,,,,,,,,,,,
510,N1,LRP201,no,22.6494997,91.640833,197.58700000000002,0,0.0,0,LRP199c,BlankProcess,,,,,,,,,,,,,,,,,,,,,,,,,,,,
511,N1,LRP199c,no,22.64745611,91.64191712,197.84599999999998,BOTTOL BOX CULVERT,12.4,A,LRP201b,BridgesDelay,,,,,,,,,,,,,,,,,,,,,,,,,,,,
512,N1,LRP201b,no,22.645277399999998,91.6430552,198.11700000000002,0,0.0,0,LRP202,BlankProcess,,,,,,,,,,,,,,,,,,,,,,,,,,,,
513,N1,LRP202,no,22.641582999999997,91.6451108,198.58700000000002,0,0.0,0,LRP201a,BlankProcess,,,,,,,,,,,,,,,,,,,,,,,,,,,,
514,N1,LRP201a,no,22.63609659,91.64820924,199.27900000000002,KACHAI PATH BOX CULVERT,3.0,A,LRP203,BridgesDelay,,,,,,,,,,,,,,,,,,,,,,,,,,,,
515,N1,LRP203,no,22.6330827,91.649833,199.648,0,0.0,0,LRP203a,BlankProcess,,,,,,,,,,,,,,,,,,,,,,,,,,,,
516,N1,LRP203a,no,22.632027100000002,91.65038890000001,199.783,0,0.0,0,LRP202a,BlankProcess,,,,,,,,,,,,,,,,,,,,,,,,,,,,
517,N1,LRP202a,no,22.62816664,91.65275783,200.27700000000002,EGOL PUR BOX CULVERT,3.0,A,LRP203b,BridgesDelay,,,,,,,,,,,,,,,,,,,,,,,,,,,,
518,N1,LRP203b,no,22.625916,91.6541389,200.565,0,0.0,0,LRP202b,BlankProcess,,,,,,,,,,,,,,,,,,,,,,,,,,,,
519,N1,LRP202b,no,22.62583234,91.65418576,200.575,UTTOR SITAKONDO BAZAR BOX CULVERT,6.1,B,LRP204,BridgesDelay,,,,,,,,,,,,,,,,,,,,,,,,,,,,
520,N1,LRP204,no,22.625221600000003,91.6545278,200.648,0,0.0,0,LRP204b,BlankProcess,,,,,,,,,,,,,,,,,,,,,,,,,,,,
521,N1,LRP204b,no,22.620693799999998,91.6563611,201.2,0,0.0,0,LRP204c,BlankProcess,,,,,,,,,,,,,,,,,,,,,,,,,,,,
522,N1,LRP204c,no,22.6194993,91.65688890000001,201.363,0,0.0,0,LRP204d,BlankProcess,,,,,,,,,,,,,,,,,,,,,,,,,,,,
523,N1,LRP204d,no,22.6180271,91.6578333,201.38299999999998,0,0.0,0,LRP204f,BlankProcess,,,,,,,,,,,,,,,,,,,,,,,,,,,,
524,N1,LRP204f,no,22.6175271,91.65825,201.636,0,0.0,0,LRP205,BlankProcess,,,,,,,,,,,,,,,,,,,,,,,,,,,,
525,N1,LRP205,no,22.616971600000003,91.65875,201.727,0,0.0,0,LRP204a,BlankProcess,,,,,,,,,,,,,,,,,,,,,,,,,,,,
526,N1,LRP204a,no,22.61498997,91.66026705,201.99900000000002,PURBOMOHADAB PUR SLAB CULVERT(L),4.6,A,LRP205b,BridgesDelay,,,,,,,,,,,,,,,,,,,,,,,,,,,,
527,N1,LRP205b,no,22.6123889,91.6622222,202.355,0,0.0,0,LRP205a,BlankProcess,,,,,,,,,,,,,,,,,,,,,,,,,,,,
528,N1,LRP205a,no,22.61175567,91.66256867,202.435,MADICAL MORE CULVERT,3.0,A,LRP206,BridgesDelay,,,,,,,,,,,,,,,,,,,,,,,,,,,,
529,N1,LRP206,no,22.609444399999997,91.6638333,202.727,0,0.0,0,LRP206a,BlankProcess,,,,,,,,,,,,,,,,,,,,,,,,,,,,
530,N1,LRP206a,no,22.6088889,91.66411109999999,202.799,0,0.0,0,LRP206b,BlankProcess,,,,,,,,,,,,,,,,,,,,,,,,,,,,
531,N1,LRP206b,no,22.60235069,91.66833673,203.65099999999998,KALIAVA BOX CULVERT,4.5,B,LRP207,BridgesDelay,,,,,,,,,,,,,,,,,,,,,,,,,,,,
532,N1,LRP207,no,22.6015833,91.66883270000001,203.75099999999998,0,0.0,0,LRP207a,BlankProcess,,,,,,,,,,,,,,,,,,,,,,,,,,,,
533,N1,LRP207a,no,22.601,91.66927709999999,203.88099999999997,0,0.0,0,LRP207b,BlankProcess,,,,,,,,,,,,,,,,,,,,,,,,,,,,
534,N1,LRP207b,no,22.6000556,91.6699438,203.99599999999998,0,0.0,0,LRP207c,BlankProcess,,,,,,,,,,,,,,,,,,,,,,,,,,,,
535,N1,LRP207c,no,22.599444100000003,91.6703049,204.045,0,0.0,0,LRP206c,BlankProcess,,,,,,,,,,,,,,,,,,,,,,,,,,,,
536,N1,LRP206c,no,22.59716658,91.67181921,204.342,SKM BOX CULVERT(1),9.3,B,LRP207d,BridgesDelay,,,,,,,,,,,,,,,,,,,,,,,,,,,,
537,N1,LRP207d,no,22.594221899999997,91.6737771,204.726,0,0.0,0,LRP208,BlankProcess,,,,,,,,,,,,,,,,,,,,,,,,,,,,
538,N1,LRP208,no,22.5939997,91.6738327,204.75099999999998,0,0.0,0,LRP208a,BlankProcess,,,,,,,,,,,,,,,,,,,,,,,,,,,,
539,N1,LRP208a,no,22.5907497,91.6754716,205.15900000000002,0,0.0,0,LRP209,BlankProcess,,,,,,,,,,,,,,,,,,,,,,,,,,,,
540,N1,LRP209,yes,22.584583,91.6780827,205.916,0,0.0,0,LRP209a,BlankProcess,180.5,0.0,706.3,0.0,84.4,0.0,128.6,0.0,8.8,0.0,0.0,3.3,10.9,0.0,30.5,0.0,20.9,0.0,0.0,14.3,0.0,16.1,0.0,10.2,0.0,0.0,1153.2,0.0
541,N1,LRP209a,no,22.5836663,91.6784716,206.033,0,0.0,0,LRP209b,BlankProcess,,,,,,,,,,,,,,,,,,,,,,,,,,,,
542,N1,LRP209b,no,22.5834997,91.6785827,206.05900000000003,0,0.0,0,LRP208d,BlankProcess,,,,,,,,,,,,,,,,,,,,,,,,,,,,
543,N1,LRP208d,no,22.58150867,91.67953904,206.3,BAROGINDO CULVERT,2.5,A,LRP209c,BridgesDelay,,,,,,,,,,,,,,,,,,,,,,,,,,,,
544,N1,LRP209c,no,22.580666,91.67994379999999,206.40200000000002,0,0.0,0,LRP209d,BlankProcess,,,,,,,,,,,,,,,,,,,,,,,,,,,,
545,N1,LRP209d,no,22.5779438,91.68113819999999,206.733,0,0.0,0,LRP210,BlankProcess,,,,,,,,,,,,,,,,,,,,,,,,,,,,
546,N1,LRP210,no,22.5763604,91.68180490000002,206.916,0,0.0,0,LRP210a,BlankProcess,,,,,,,,,,,,,,,,,,,,,,,,,,,,
547,N1,LRP210a,no,22.57029059,91.68400967,207.64,PHPMORE BON CULVERT,3.0,A,LRP210b,BridgesDelay,,,,,,,,,,,,,,,,,,,,,,,,,,,,
548,N1,LRP210b,no,22.56799681,91.68468666,207.91299999999998,CHARA KANDI BOX CULVERT,8.2,A,LRP211,BridgesDelay,,,,,,,,,,,,,,,,,,,,,,,,,,,,
549,N1,LRP211,no,22.5679716,91.6846941,207.916,0,0.0,0,LRP210d,BlankProcess,,,,,,,,,,,,,,,,,,,,,,,,,,,,
550,N1,LRP210d,no,22.56642129,91.68518266,208.1,R. R TEXTAIL BOX CULVERT,4.5,A,LRP211b,BridgesDelay,,,,,,,,,,,,,,,,,,,,,,,,,,,,
551,N1,LRP211b,no,22.5641389,91.68591629999999,208.36900000000003,0,0.0,0,LRP211c,BlankProcess,,,,,,,,,,,,,,,,,,,,,,,,,,,,
552,N1,LRP211c,no,22.564,91.6859441,208.38299999999998,0,0.0,0,LRP211d,BlankProcess,,,,,,,,,,,,,,,,,,,,,,,,,,,,
553,N1,LRP211d,no,22.5624722,91.6863608,208.6,0,0.0,0,LRP212,BlankProcess,,,,,,,,,,,,,,,,,,,,,,,,,,,,
554,N1,LRP212,no,22.5594444,91.6872219,208.916,0,0.0,0,LRP211a,BlankProcess,,,,,,,,,,,,,,,,,,,,,,,,,,,,
555,N1,LRP211a,no,22.55852109,91.68750624,209.024,OHIDPUR BOX CULVERT,4.1,A,LRP212a,BridgesDelay,,,,,,,,,,,,,,,,,,,,,,,,,,,,
556,N1,LRP212a,no,22.55433198,91.68879631,209.514,BARSH BARIA BRIDGE,21.6,B,LRP213,BridgesDelay,,,,,,,,,,,,,,,,,,,,,,,,,,,,
557,N1,LRP213,no,22.551416699999997,91.6896941,209.855,0,0.0,0,LRP213a,BlankProcess,,,,,,,,,,,,,,,,,,,,,,,,,,,,
558,N1,LRP213a,no,22.5503056,91.69027740000001,209.99900000000002,0,0.0,0,LRP213b,BlankProcess,,,,,,,,,,,,,,,,,,,,,,,,,,,,
559,N1,LRP213b,no,22.54448978,91.69413108,210.77599999999998,DOKHIN BASH-KHALI BOX CULVERT,5.2,A,LRP214,BridgesDelay,,,,,,,,,,,,,,,,,,,,,,,,,,,,
560,N1,LRP214,no,22.543888600000002,91.69452740000001,210.855,0,0.0,0,LRP214a,BlankProcess,,,,,,,,,,,,,,,,,,,,,,,,,,,,
561,N1,LRP214a,no,22.53903002,91.69654527,211.433,SOTTANA MONDIR CULVERT,8.2,A,LRP215,BridgesDelay,,,,,,,,,,,,,,,,,,,,,,,,,,,,
562,N1,LRP215,no,22.5354997,91.6979441,211.856,0,0.0,0,LRP215a,BlankProcess,,,,,,,,,,,,,,,,,,,,,,,,,,,,
563,N1,LRP215a,no,22.5303678,91.70046412,212.483,GULAM JUTE MILE BOX CULVERT,3.0,A,LRP216,BridgesDelay,,,,,,,,,,,,,,,,,,,,,,,,,,,,
564,N1,LRP216,no,22.5273049,91.7019444,212.856,0,0.0,0,LRP215b,BlankProcess,,,,,,,,,,,,,,,,,,,,,,,,,,,,
565,N1,LRP215b,no,22.52293592,91.70383662,213.386,KYSTELGATE ARCH,16.3,B,LRP216a,BridgesDelay,,,,,,,,,,,,,,,,,,,,,,,,,,,,
566,N1,LRP216a,no,22.519416,91.70536109999999,213.813,0,0.0,0,LRP216b,BlankProcess,,,,,,,,,,,,,,,,,,,,,,,,,,,,
567,N1,LRP216b,no,22.51926541,91.70540328,213.831,0,0.0,0,LRP217,BlankProcess,,,,,,,,,,,,,,,,,,,,,,,,,,,,
568,N1,LRP217,no,22.518721600000003,91.7055556,213.896,0,0.0,0,LRP217a,BlankProcess,,,,,,,,,,,,,,,,,,,,,,,,,,,,
569,N1,LRP217a,no,22.5165556,91.7065833,214.172,0,0.0,0,LRP217b,BlankProcess,,,,,,,,,,,,,,,,,,,,,,,,,,,,
570,N1,LRP217b,no,22.5161667,91.70675,214.217,0,0.0,0,LRP217c,BlankProcess,,,,,,,,,,,,,,,,,,,,,,,,,,,,
571,N1,LRP217c,no,22.514722199999998,91.7074444,214.399,0,0.0,0,LRP217d,BlankProcess,,,,,,,,,,,,,,,,,,,,,,,,,,,,
572,N1,LRP217d,no,22.5131389,91.7080833,214.593,0,0.0,0,LRP217e,BlankProcess,,,,,,,,,,,,,,,,,,,,,,,,,,,,
573,N1,LRP217e,no,22.512777800000002,91.70822220000001,214.63400000000001,0,0.0,0,LRP218,BlankProcess,,,,,,,,,,,,,,,,,,,,,,,,,,,,
574,N1,LRP218,no,22.510611100000002,91.7090833,214.896,0,0.0,0,LRP218c,BlankProcess,,,,,,,,,,,,,,,,,,,,,,,,,,,,
575,N1,LRP218c,no,22.507444399999997,91.71055559999999,215.291,0,0.0,0,LRP218d,BlankProcess,,,,,,,,,,,,,,,,,,,,,,,,,,,,
576,N1,LRP218d,no,22.507305600000002,91.7106389,215.30900000000003,0,0.0,0,LRP218a,BlankProcess,,,,,,,,,,,,,,,,,,,,,,,,,,,,
577,N1,LRP218a,no,22.50602204,91.71128482,215.467,ROYL CIMINT GATE CULVETRT,4.5,A,LRP218e,BridgesDelay,,,,,,,,,,,,,,,,,,,,,,,,,,,,
578,N1,LRP218e,no,22.503,91.7128056,215.83900000000003,0,0.0,0,LRP219,BlankProcess,,,,,,,,,,,,,,,,,,,,,,,,,,,,
579,N1,LRP219,no,22.5025556,91.7130556,215.896,0,0.0,0,LRP218b,BlankProcess,,,,,,,,,,,,,,,,,,,,,,,,,,,,
580,N1,LRP218b,no,22.50008583,91.71415049,216.196,GORA MARA RCC GIRDER BRIDGE,17.6,A,LRP219b,BridgesDelay,,,,,,,,,,,,,,,,,,,,,,,,,,,,
581,N1,LRP219b,no,22.4968052,91.7156389,216.6,0,0.0,0,LRP220,BlankProcess,,,,,,,,,,,,,,,,,,,,,,,,,,,,
582,N1,LRP220,no,22.494583,91.7170827,216.896,0,0.0,0,LRP219a,BlankProcess,,,,,,,,,,,,,,,,,,,,,,,,,,,,
583,N1,LRP219a,no,22.490440600000003,91.71827267,217.377,GORA MARI BOX CULVERT,3.0,B,LRP220a,BridgesDelay,,,,,,,,,,,,,,,,,,,,,,,,,,,,
584,N1,LRP220a,no,22.486944100000002,91.7192771,217.783,0,0.0,0,LRP221,BlankProcess,,,,,,,,,,,,,,,,,,,,,,,,,,,,
585,N1,LRP221,no,22.4854163,91.7195549,217.957,0,0.0,0,LRP220b,BlankProcess,,,,,,,,,,,,,,,,,,,,,,,,,,,,
586,N1,LRP220b,no,22.48116421,91.72036336,218.44099999999997,MUDDO SONAISORI BRIDGE,23.2,B,LRP221b,BridgesDelay,,,,,,,,,,,,,,,,,,,,,,,,,,,,
587,N1,LRP221b,no,22.4775271,91.72105490000001,218.855,0,0.0,0,LRP221c,BlankProcess,,,,,,,,,,,,,,,,,,,,,,,,,,,,
588,N1,LRP221c,no,22.4773049,91.7211104,218.88,0,0.0,0,LRP222,BlankProcess,,,,,,,,,,,,,,,,,,,,,,,,,,,,
589,N1,LRP222,no,22.476527100000002,91.7213327,218.96900000000002,0,0.0,0,LRP221a,BlankProcess,,,,,,,,,,,,,,,,,,,,,,,,,,,,
590,N1,LRP221a,no,22.47285309,91.72326335,219.42700000000002,HATIBORI BOX CULVERT,6.0,A,LRP222a,BridgesDelay,,,,,,,,,,,,,,,,,,,,,,,,,,,,
591,N1,LRP222a,no,22.4694438,91.72505490000002,219.852,0,0.0,0,LRP223,BlankProcess,,,,,,,,,,,,,,,,,,,,,,,,,,,,
592,N1,LRP223,no,22.468416,91.7255827,219.988,0,0.0,0,LRP223a,BlankProcess,,,,,,,,,,,,,,,,,,,,,,,,,,,,
593,N1,LRP223a,no,22.46243864,91.72853070000001,220.725,SHLAKHAR PAD BRIDGE,23.2,B,LRP224,BridgesDelay,,,,,,,,,,,,,,,,,,,,,,,,,,,,
594,N1,LRP224,no,22.4603056,91.72958270000001,220.988,0,0.0,0,LRP224b,BlankProcess,,,,,,,,,,,,,,,,,,,,,,,,,,,,
595,N1,LRP224b,no,22.4586389,91.73047159999999,221.19799999999998,0,0.0,0,LRP225,BlankProcess,,,,,,,,,,,,,,,,,,,,,,,,,,,,
596,N1,LRP225,yes,22.4518235,91.73312829999999,222.00599999999997,0,0.0,0,LRP224a,BlankProcess,6.4,0.0,334.5,0.0,244.6,0.0,271.8,0.0,188.0,0.0,298.8,0.0,58.7,0.0,210.1,0.0,906.3,0.0,175.9,0.0,66.9,0.0,129.0,0.0,0.0,0.0,2695.0,0.0
597,N1,LRP224a,no,22.44886285,91.73428239,222.357,KODOM RASUL BOX CULVERT,3.0,A,LRP225a,BridgesDelay,,,,,,,,,,,,,,,,,,,,,,,,,,,,
598,N1,LRP225a,no,22.44607933,91.73536743,222.687,SALAKHARPAD BRIDGE,26.3,C,LRP226,BridgesDelay,,,,,,,,,,,,,,,,,,,,,,,,,,,,
599,N1,LRP226,no,22.443388600000002,91.73641629999999,223.00599999999997,0,0.0,0,LRP226a,BlankProcess,,,,,,,,,,,,,,,,,,,,,,,,,,,,
600,N1,LRP226a,no,22.4424997,91.7366663,223.11,0,0.0,0,LRP226b,BlankProcess,,,,,,,,,,,,,,,,,,,,,,,,,,,,
601,N1,LRP226b,no,22.4422219,91.7367497,223.141,0,0.0,0,LRP227,BlankProcess,,,,,,,,,,,,,,,,,,,,,,,,,,,,
602,N1,LRP227,no,22.434971899999997,91.7396941,224.06599999999997,0,0.0,0,LRP227a,BlankProcess,,,,,,,,,,,,,,,,,,,,,,,,,,,,
603,N1,LRP227a,no,22.4333049,91.7403608,224.203,0,0.0,0,LRP227b,BlankProcess,,,,,,,,,,,,,,,,,,,,,,,,,,,,
604,N1,LRP227b,no,22.430749300000002,91.74152740000001,224.514,0,0.0,0,LRP227c,BlankProcess,,,,,,,,,,,,,,,,,,,,,,,,,,,,
605,N1,LRP227c,no,22.4304438,91.7417219,224.55700000000002,0,0.0,0,LRP228,BlankProcess,,,,,,,,,,,,,,,,,,,,,,,,,,,,
606,N1,LRP228,no,22.4269716,91.7439997,225.00599999999997,0,0.0,0,LRP228a,BlankProcess,,,,,,,,,,,,,,,,,,,,,,,,,,,,
607,N1,LRP228a,no,22.42204155,91.74802098,225.702,DHAMAKHALI BRIDGE,35.1,B,LRP229,BridgesDelay,,,,,,,,,,,,,,,,,,,,,,,,,,,,
608,N1,LRP229,no,22.4198882,91.74977740000001,226.00599999999997,0,0.0,0,LRP229a,BlankProcess,,,,,,,,,,,,,,,,,,,,,,,,,,,,
609,N1,LRP229a,no,22.4185549,91.7504722,226.171,0,0.0,0,LRP229b,BlankProcess,,,,,,,,,,,,,,,,,,,,,,,,,,,,
610,N1,LRP229b,no,22.4182771,91.7506667,226.209,0,0.0,0,LRP230,BlankProcess,,,,,,,,,,,,,,,,,,,,,,,,,,,,
611,N1,LRP230,no,22.4119167,91.7543611,227.00599999999997,0,0.0,0,LRP230a,BlankProcess,,,,,,,,,,,,,,,,,,,,,,,,,,,,
612,N1,LRP230a,no,22.4101111,91.7544444,227.206,0,0.0,0,LRP230b,BlankProcess,,,,,,,,,,,,,,,,,,,,,,,,,,,,
613,N1,LRP230b,no,22.4084167,91.7551389,227.412,0,0.0,0,LRP230c,BlankProcess,,,,,,,,,,,,,,,,,,,,,,,,,,,,
614,N1,LRP230c,no,22.40839921,91.75514358,227.41400000000002,0,0.0,0,LRP231,BlankProcess,,,,,,,,,,,,,,,,,,,,,,,,,,,,
615,N1,LRP231,no,22.4032222,91.75652779999999,228.00599999999997,0,0.0,0,LRP231a,BlankProcess,,,,,,,,,,,,,,,,,,,,,,,,,,,,
616,N1,LRP231a,no,22.3996108,91.7573333,228.40599999999998,0,0.0,0,LRP231b,BlankProcess,,,,,,,,,,,,,,,,,,,,,,,,,,,,
617,N1,LRP231b,no,22.3988608,91.7576667,228.51,0,0.0,0,LRP231c,BlankProcess,,,,,,,,,,,,,,,,,,,,,,,,,,,,
618,N1,LRP231c,no,22.398805199999998,91.7576667,228.517,0,0.0,0,LRP232,BlankProcess,,,,,,,,,,,,,,,,,,,,,,,,,,,,
619,N1,LRP232,no,22.3944997,91.7586944,229.00599999999997,0,0.0,0,LRP232a,BlankProcess,,,,,,,,,,,,,,,,,,,,,,,,,,,,
620,N1,LRP232a,no,22.393777399999998,91.7588056,229.065,0,0.0,0,LRP232b,BlankProcess,,,,,,,,,,,,,,,,,,,,,,,,,,,,
621,N1,LRP232b,no,22.3921108,91.75925,229.282,0,0.0,0,LRP232c,BlankProcess,,,,,,,,,,,,,,,,,,,,,,,,,,,,
622,N1,LRP232c,no,22.3892497,91.7605,229.63299999999998,0,0.0,0,LRP232d,BlankProcess,,,,,,,,,,,,,,,,,,,,,,,,,,,,
623,N1,LRP232d,no,22.3887497,91.7607222,229.692,0,0.0,0,LRP233,BlankProcess,,,,,,,,,,,,,,,,,,,,,,,,,,,,
624,N1,LRP233,no,22.3861663,91.76183329999999,230.00599999999997,0,0.0,0,LRP233a,BlankProcess,,,,,,,,,,,,,,,,,,,,,,,,,,,,
625,N1,LRP233a,no,22.3815271,91.76522220000001,230.63099999999997,0,0.0,0,LRP234,BlankProcess,,,,,,,,,,,,,,,,,,,,,,,,,,,,
626,N1,LRP234,no,22.379166,91.7675827,231.00599999999997,0,0.0,0,LRP234a,BlankProcess,,,,,,,,,,,,,,,,,,,,,,,,,,,,
627,N1,LRP234a,no,22.376471600000002,91.770416,231.442,0,0.0,0,LRP234b,BlankProcess,,,,,,,,,,,,,,,,,,,,,,,,,,,,
628,N1,LRP234b,no,22.37622549,91.77054327,231.46099999999998,0,0.0,0,LRP235,BlankProcess,,,,,,,,,,,,,,,,,,,,,,,,,,,,
629,N1,LRP235,no,22.369166,91.77419379999999,232.00599999999997,0,0.0,0,LRP235a,BlankProcess,,,,,,,,,,,,,,,,,,,,,,,,,,,,
630,N1,LRP235a,no,22.3691382,91.777666,232.56099999999998,0,0.0,0,LRP235b,BlankProcess,,,,,,,,,,,,,,,,,,,,,,,,,,,,
631,N1,LRP235b,no,22.358666699999997,91.7822771,232.75400000000002,0,0.0,0,PreRome,BlankProcess,,,,,,,,,,,,,,,,,,,,,,,,,,,,
